population	prevalence_threshold	prevalence_count	metric	pseudocount_rule	pseudocount_value	is_anchor_replay	n	retained_features	permanova_F	permanova_R2	permanova_p	permdisp_F	permdisp_R2	permdisp_p	permutations	permanova_seed	permdisp_seed	matrix_sha256	qc_sha256	clinical_sha256	plan_sha256	script_sha256
full	0.05	20	Aitchison	P1_half_minimum	1.0097644219603566e-05	False	400	90	2.196767882545138	0.016369752544769522	0.0001	3.376381744409817	0.024940700149487044	0.0145	9999	2100000	2100001	0c7ad6930c4e2db5fd3ec0a58861850274eb75dd31350ab00f4428a41a6ad20d	e3e4cfbdaf412d20bd9ee6dd82e1e811d12046556b176adf0678c34c6373f790	3de4e218e8f0e9e32545cead271e6750c39ac0dea4c47df291123175292400be	00e71a67b6c497ff9bbdff42a144cb944aafb8278ebe0ad01d64bf11b8e618a0	6b5fed89312923a308df8456e3807dc5f798c9ef3ee92d1d6049b25bd9d460e1
strict_QC	0.05	20	Aitchison	P1_half_minimum	1.0097644219603566e-05	False	119	90	2.4116968658196254	0.059189963881037005	0.0001	0.9905990276147247	0.02519074182414351	0.3906	9999	2100010	2100011	0c7ad6930c4e2db5fd3ec0a58861850274eb75dd31350ab00f4428a41a6ad20d	e3e4cfbdaf412d20bd9ee6dd82e1e811d12046556b176adf0678c34c6373f790	3de4e218e8f0e9e32545cead271e6750c39ac0dea4c47df291123175292400be	00e71a67b6c497ff9bbdff42a144cb944aafb8278ebe0ad01d64bf11b8e618a0	6b5fed89312923a308df8456e3807dc5f798c9ef3ee92d1d6049b25bd9d460e1
full	0.05	20	Aitchison	P2_tenth_minimum	2.0195288439207134e-06	False	400	90	2.1229874218046487	0.015828661906612963	0.0001	3.397822481323826	0.025095104330739932	0.0187	9999	2100020	2100021	0c7ad6930c4e2db5fd3ec0a58861850274eb75dd31350ab00f4428a41a6ad20d	e3e4cfbdaf412d20bd9ee6dd82e1e811d12046556b176adf0678c34c6373f790	3de4e218e8f0e9e32545cead271e6750c39ac0dea4c47df291123175292400be	00e71a67b6c497ff9bbdff42a144cb944aafb8278ebe0ad01d64bf11b8e618a0	6b5fed89312923a308df8456e3807dc5f798c9ef3ee92d1d6049b25bd9d460e1
strict_QC	0.05	20	Aitchison	P2_tenth_minimum	2.0195288439207134e-06	False	119	90	2.389293265809122	0.05867237615413138	0.0001	0.9330572053577043	0.02376223514708638	0.4087	9999	2100030	2100031	0c7ad6930c4e2db5fd3ec0a58861850274eb75dd31350ab00f4428a41a6ad20d	e3e4cfbdaf412d20bd9ee6dd82e1e811d12046556b176adf0678c34c6373f790	3de4e218e8f0e9e32545cead271e6750c39ac0dea4c47df291123175292400be	00e71a67b6c497ff9bbdff42a144cb944aafb8278ebe0ad01d64bf11b8e618a0	6b5fed89312923a308df8456e3807dc5f798c9ef3ee92d1d6049b25bd9d460e1
full	0.05	20	Bray-Curtis	not_applicable		False	400	90	3.5695697067144505	0.026330169184992685	0.0001	10.42772559238838	0.07321415510229604	0.0001	9999	2100040	2100041	0c7ad6930c4e2db5fd3ec0a58861850274eb75dd31350ab00f4428a41a6ad20d	e3e4cfbdaf412d20bd9ee6dd82e1e811d12046556b176adf0678c34c6373f790	3de4e218e8f0e9e32545cead271e6750c39ac0dea4c47df291123175292400be	00e71a67b6c497ff9bbdff42a144cb944aafb8278ebe0ad01d64bf11b8e618a0	6b5fed89312923a308df8456e3807dc5f798c9ef3ee92d1d6049b25bd9d460e1
strict_QC	0.05	20	Bray-Curtis	not_applicable		False	119	90	2.6159851479912155	0.06388348439020465	0.0001	2.124968079238593	0.05252242444805864	0.1022	9999	2100050	2100051	0c7ad6930c4e2db5fd3ec0a58861850274eb75dd31350ab00f4428a41a6ad20d	e3e4cfbdaf412d20bd9ee6dd82e1e811d12046556b176adf0678c34c6373f790	3de4e218e8f0e9e32545cead271e6750c39ac0dea4c47df291123175292400be	00e71a67b6c497ff9bbdff42a144cb944aafb8278ebe0ad01d64bf11b8e618a0	6b5fed89312923a308df8456e3807dc5f798c9ef3ee92d1d6049b25bd9d460e1
full	0.1	40	Aitchison	P1_half_minimum	1.0097644219603566e-05	True	400	30	2.612771519062346	0.019409536625522597	0.0001	0.8066530620728115	0.006073890452579873	0.487	9999	1056965	1056966	0c7ad6930c4e2db5fd3ec0a58861850274eb75dd31350ab00f4428a41a6ad20d	e3e4cfbdaf412d20bd9ee6dd82e1e811d12046556b176adf0678c34c6373f790	3de4e218e8f0e9e32545cead271e6750c39ac0dea4c47df291123175292400be	00e71a67b6c497ff9bbdff42a144cb944aafb8278ebe0ad01d64bf11b8e618a0	6b5fed89312923a308df8456e3807dc5f798c9ef3ee92d1d6049b25bd9d460e1
strict_QC	0.1	40	Aitchison	P1_half_minimum	1.0097644219603566e-05	False	119	30	2.8668795190872474	0.06958409485301514	0.0001	0.8708290275820693	0.022212667613330832	0.449	9999	2100070	2100071	0c7ad6930c4e2db5fd3ec0a58861850274eb75dd31350ab00f4428a41a6ad20d	e3e4cfbdaf412d20bd9ee6dd82e1e811d12046556b176adf0678c34c6373f790	3de4e218e8f0e9e32545cead271e6750c39ac0dea4c47df291123175292400be	00e71a67b6c497ff9bbdff42a144cb944aafb8278ebe0ad01d64bf11b8e618a0	6b5fed89312923a308df8456e3807dc5f798c9ef3ee92d1d6049b25bd9d460e1
full	0.1	40	Aitchison	P2_tenth_minimum	2.0195288439207134e-06	False	400	30	2.56681353469064	0.019074640078543054	0.0001	0.8396932996835664	0.006321102366513569	0.4677	9999	2100080	2100081	0c7ad6930c4e2db5fd3ec0a58861850274eb75dd31350ab00f4428a41a6ad20d	e3e4cfbdaf412d20bd9ee6dd82e1e811d12046556b176adf0678c34c6373f790	3de4e218e8f0e9e32545cead271e6750c39ac0dea4c47df291123175292400be	00e71a67b6c497ff9bbdff42a144cb944aafb8278ebe0ad01d64bf11b8e618a0	6b5fed89312923a308df8456e3807dc5f798c9ef3ee92d1d6049b25bd9d460e1
strict_QC	0.1	40	Aitchison	P2_tenth_minimum	2.0195288439207134e-06	False	119	30	2.8465524651215652	0.069124826597464	0.0001	0.7899705021090597	0.020191814715643044	0.5025	9999	2100090	2100091	0c7ad6930c4e2db5fd3ec0a58861850274eb75dd31350ab00f4428a41a6ad20d	e3e4cfbdaf412d20bd9ee6dd82e1e811d12046556b176adf0678c34c6373f790	3de4e218e8f0e9e32545cead271e6750c39ac0dea4c47df291123175292400be	00e71a67b6c497ff9bbdff42a144cb944aafb8278ebe0ad01d64bf11b8e618a0	6b5fed89312923a308df8456e3807dc5f798c9ef3ee92d1d6049b25bd9d460e1
full	0.1	40	Bray-Curtis	not_applicable		False	400	30	2.0562834658455835	0.015338956240491902	0.0127	5.626067644634179	0.04087937511345098	0.0009	9999	2100100	2100101	0c7ad6930c4e2db5fd3ec0a58861850274eb75dd31350ab00f4428a41a6ad20d	e3e4cfbdaf412d20bd9ee6dd82e1e811d12046556b176adf0678c34c6373f790	3de4e218e8f0e9e32545cead271e6750c39ac0dea4c47df291123175292400be	00e71a67b6c497ff9bbdff42a144cb944aafb8278ebe0ad01d64bf11b8e618a0	6b5fed89312923a308df8456e3807dc5f798c9ef3ee92d1d6049b25bd9d460e1
strict_QC	0.1	40	Bray-Curtis	not_applicable		False	119	30	2.478909947862677	0.06073937006557098	0.0001	2.7879409823830805	0.06779802009485729	0.0414	9999	2100110	2100111	0c7ad6930c4e2db5fd3ec0a58861850274eb75dd31350ab00f4428a41a6ad20d	e3e4cfbdaf412d20bd9ee6dd82e1e811d12046556b176adf0678c34c6373f790	3de4e218e8f0e9e32545cead271e6750c39ac0dea4c47df291123175292400be	00e71a67b6c497ff9bbdff42a144cb944aafb8278ebe0ad01d64bf11b8e618a0	6b5fed89312923a308df8456e3807dc5f798c9ef3ee92d1d6049b25bd9d460e1
full	0.2	80	Aitchison	P1_half_minimum	4.6283439785244846e-05	False	400	2	0.2618169675893712	0.001979535542397161	0.852	1.7065393067635957	0.012763319697088814	0.1591	9999	2100120	2100121	0c7ad6930c4e2db5fd3ec0a58861850274eb75dd31350ab00f4428a41a6ad20d	e3e4cfbdaf412d20bd9ee6dd82e1e811d12046556b176adf0678c34c6373f790	3de4e218e8f0e9e32545cead271e6750c39ac0dea4c47df291123175292400be	00e71a67b6c497ff9bbdff42a144cb944aafb8278ebe0ad01d64bf11b8e618a0	6b5fed89312923a308df8456e3807dc5f798c9ef3ee92d1d6049b25bd9d460e1
strict_QC	0.2	80	Aitchison	P1_half_minimum	4.6283439785244846e-05	False	119	2	0.15783927161547998	0.004100661552596778	0.9249	2.8421333109322937	0.06902492048206353	0.0418	9999	2100130	2100131	0c7ad6930c4e2db5fd3ec0a58861850274eb75dd31350ab00f4428a41a6ad20d	e3e4cfbdaf412d20bd9ee6dd82e1e811d12046556b176adf0678c34c6373f790	3de4e218e8f0e9e32545cead271e6750c39ac0dea4c47df291123175292400be	00e71a67b6c497ff9bbdff42a144cb944aafb8278ebe0ad01d64bf11b8e618a0	6b5fed89312923a308df8456e3807dc5f798c9ef3ee92d1d6049b25bd9d460e1
full	0.2	80	Aitchison	P2_tenth_minimum	9.25668795704897e-06	False	400	2	0.23726274954398868	0.001794220060296937	0.8716	1.4593289240664413	0.01093463406291176	0.2173	9999	2100140	2100141	0c7ad6930c4e2db5fd3ec0a58861850274eb75dd31350ab00f4428a41a6ad20d	e3e4cfbdaf412d20bd9ee6dd82e1e811d12046556b176adf0678c34c6373f790	3de4e218e8f0e9e32545cead271e6750c39ac0dea4c47df291123175292400be	00e71a67b6c497ff9bbdff42a144cb944aafb8278ebe0ad01d64bf11b8e618a0	6b5fed89312923a308df8456e3807dc5f798c9ef3ee92d1d6049b25bd9d460e1
strict_QC	0.2	80	Aitchison	P2_tenth_minimum	9.25668795704897e-06	False	119	2	0.17796298142057929	0.004621059233272306	0.9096	2.796447522316318	0.06799081989108613	0.0413	9999	2100150	2100151	0c7ad6930c4e2db5fd3ec0a58861850274eb75dd31350ab00f4428a41a6ad20d	e3e4cfbdaf412d20bd9ee6dd82e1e811d12046556b176adf0678c34c6373f790	3de4e218e8f0e9e32545cead271e6750c39ac0dea4c47df291123175292400be	00e71a67b6c497ff9bbdff42a144cb944aafb8278ebe0ad01d64bf11b8e618a0	6b5fed89312923a308df8456e3807dc5f798c9ef3ee92d1d6049b25bd9d460e1
full	0.2	80	Bray-Curtis	not_applicable		False	400	2	1.2870755117466022	0.009656416474027686	0.2306	3.045717809478966	0.022553234999837843	0.0256	9999	2100160	2100161	0c7ad6930c4e2db5fd3ec0a58861850274eb75dd31350ab00f4428a41a6ad20d	e3e4cfbdaf412d20bd9ee6dd82e1e811d12046556b176adf0678c34c6373f790	3de4e218e8f0e9e32545cead271e6750c39ac0dea4c47df291123175292400be	00e71a67b6c497ff9bbdff42a144cb944aafb8278ebe0ad01d64bf11b8e618a0	6b5fed89312923a308df8456e3807dc5f798c9ef3ee92d1d6049b25bd9d460e1
strict_QC	0.2	80	Bray-Curtis	not_applicable		False	119	2	3.3157394839839247	0.0796113637037623	0.0023	7.747310602026022	0.16812505078908474	0.0002	9999	2100170	2100171	0c7ad6930c4e2db5fd3ec0a58861850274eb75dd31350ab00f4428a41a6ad20d	e3e4cfbdaf412d20bd9ee6dd82e1e811d12046556b176adf0678c34c6373f790	3de4e218e8f0e9e32545cead271e6750c39ac0dea4c47df291123175292400be	00e71a67b6c497ff9bbdff42a144cb944aafb8278ebe0ad01d64bf11b8e618a0	6b5fed89312923a308df8456e3807dc5f798c9ef3ee92d1d6049b25bd9d460e1
