depth	healthy_control_retained	healthy_control_total	idiopathic_central_precocious_puberty_retained	idiopathic_central_precocious_puberty_total	retained_fraction	retained_samples
10	1	23	1	25	0.041666666666666664	2
50	1	23	1	25	0.041666666666666664	2
100	1	23	1	25	0.041666666666666664	2
500	1	23	1	25	0.041666666666666664	2
1000	1	23	1	25	0.041666666666666664	2
2000	1	23	1	25	0.041666666666666664	2
5000	1	23	1	25	0.041666666666666664	2
10000	1	23	1	25	0.041666666666666664	2
20000	1	23	1	25	0.041666666666666664	2
