component	executable_path	version	database_path	stable_identity	taxonomy_snapshot	redistribution_file	read_length_nt	rank_support	file_size	verification_status	evidence
Kraken2	/home/suma/anaconda3/envs/mgshotgun/bin/kraken2	2.17.1	/mnt/disk1/db/kraken2/k2_pluspfp_16gb_20221209	verified live path; content hash/date not supplied	PlusPFP snapshot encoded in database name; exact taxonomy hash not supplied	NA	NA	Kraken2 taxonomy	NOT_REPORTED	LIVE_VERIFIED	User-supplied completed hospital inventory
Bracken	/home/suma/anaconda3/envs/mgshotgun/bin/bracken	3.0.1	/mnt/disk1/db/kraken2/k2_pluspfp_16gb_20221209	uses verified frozen Kraken2 database path	NA	database50mers.kmer_distrib	50	available for Bracken read-length selection	NOT_REPORTED	LIVE_VERIFIED_INSTALLED	User-supplied completed hospital inventory
Bracken	/home/suma/anaconda3/envs/mgshotgun/bin/bracken	3.0.1	/mnt/disk1/db/kraken2/k2_pluspfp_16gb_20221209	uses verified frozen Kraken2 database path	NA	database75mers.kmer_distrib	75	available for Bracken read-length selection	NOT_REPORTED	LIVE_VERIFIED_INSTALLED	User-supplied completed hospital inventory
Bracken	/home/suma/anaconda3/envs/mgshotgun/bin/bracken	3.0.1	/mnt/disk1/db/kraken2/k2_pluspfp_16gb_20221209	uses verified frozen Kraken2 database path	NA	database100mers.kmer_distrib	100	available for Bracken read-length selection	NOT_REPORTED	LIVE_VERIFIED_INSTALLED	User-supplied completed hospital inventory
Bracken	/home/suma/anaconda3/envs/mgshotgun/bin/bracken	3.0.1	/mnt/disk1/db/kraken2/k2_pluspfp_16gb_20221209	uses verified frozen Kraken2 database path	NA	database150mers.kmer_distrib	150	available for Bracken read-length selection	NOT_REPORTED	LIVE_VERIFIED_INSTALLED	User-supplied completed hospital inventory
Bracken	/home/suma/anaconda3/envs/mgshotgun/bin/bracken	3.0.1	/mnt/disk1/db/kraken2/k2_pluspfp_16gb_20221209	uses verified frozen Kraken2 database path	NA	database200mers.kmer_distrib	200	available for Bracken read-length selection	NOT_REPORTED	LIVE_VERIFIED_INSTALLED	User-supplied completed hospital inventory
Bracken	/home/suma/anaconda3/envs/mgshotgun/bin/bracken	3.0.1	/mnt/disk1/db/kraken2/k2_pluspfp_16gb_20221209	uses verified frozen Kraken2 database path	NA	database250mers.kmer_distrib	250	available for Bracken read-length selection	NOT_REPORTED	LIVE_VERIFIED_INSTALLED	User-supplied completed hospital inventory
Bracken	/home/suma/anaconda3/envs/mgshotgun/bin/bracken	3.0.1	/mnt/disk1/db/kraken2/k2_pluspfp_16gb_20221209	uses verified frozen Kraken2 database path	NA	database300mers.kmer_distrib	300	available for Bracken read-length selection	NOT_REPORTED	LIVE_VERIFIED_INSTALLED	User-supplied completed hospital inventory
Bracken	/home/suma/anaconda3/envs/mgshotgun/bin/bracken	3.0.1	/mnt/disk1/db/kraken2/k2_pluspfp_16gb_20221209	uses verified frozen Kraken2 database path	NA	database40mers.kmer_distrib	40	ABSENT	0	LIVE_VERIFIED_ABSENT	User-supplied completed hospital inventory
