run_accession	biosample	subject_id	hiv_group	repeat_status	mapping_status	analysis_eligible
SRR24784952	SAMN35536406	UNRESOLVED	UNRESOLVED	No repeated BioSample among 718 runs; patient identity not recoverable	BLOCKED	NO
SRR24784951	SAMN35536407	UNRESOLVED	UNRESOLVED	No repeated BioSample among 718 runs; patient identity not recoverable	BLOCKED	NO
SRR24784950	SAMN35536408	UNRESOLVED	UNRESOLVED	No repeated BioSample among 718 runs; patient identity not recoverable	BLOCKED	NO
SRR24784949	SAMN35536409	UNRESOLVED	UNRESOLVED	No repeated BioSample among 718 runs; patient identity not recoverable	BLOCKED	NO
SRR24784948	SAMN35536410	UNRESOLVED	UNRESOLVED	No repeated BioSample among 718 runs; patient identity not recoverable	BLOCKED	NO
SRR24784946	SAMN35536411	UNRESOLVED	UNRESOLVED	No repeated BioSample among 718 runs; patient identity not recoverable	BLOCKED	NO
SRR24784945	SAMN35536412	UNRESOLVED	UNRESOLVED	No repeated BioSample among 718 runs; patient identity not recoverable	BLOCKED	NO
SRR24784944	SAMN35536413	UNRESOLVED	UNRESOLVED	No repeated BioSample among 718 runs; patient identity not recoverable	BLOCKED	NO
SRR24784943	SAMN35536414	UNRESOLVED	UNRESOLVED	No repeated BioSample among 718 runs; patient identity not recoverable	BLOCKED	NO
SRR24784942	SAMN35536415	UNRESOLVED	UNRESOLVED	No repeated BioSample among 718 runs; patient identity not recoverable	BLOCKED	NO
SRR24784941	SAMN35536416	UNRESOLVED	UNRESOLVED	No repeated BioSample among 718 runs; patient identity not recoverable	BLOCKED	NO
SRR24784940	SAMN35536417	UNRESOLVED	UNRESOLVED	No repeated BioSample among 718 runs; patient identity not recoverable	BLOCKED	NO
SRR24784657	SAMN35536418	UNRESOLVED	UNRESOLVED	No repeated BioSample among 718 runs; patient identity not recoverable	BLOCKED	NO
SRR24784656	SAMN35536419	UNRESOLVED	UNRESOLVED	No repeated BioSample among 718 runs; patient identity not recoverable	BLOCKED	NO
SRR24784655	SAMN35536420	UNRESOLVED	UNRESOLVED	No repeated BioSample among 718 runs; patient identity not recoverable	BLOCKED	NO
SRR24784653	SAMN35536421	UNRESOLVED	UNRESOLVED	No repeated BioSample among 718 runs; patient identity not recoverable	BLOCKED	NO
SRR24784652	SAMN35536422	UNRESOLVED	UNRESOLVED	No repeated BioSample among 718 runs; patient identity not recoverable	BLOCKED	NO
SRR24784651	SAMN35536423	UNRESOLVED	UNRESOLVED	No repeated BioSample among 718 runs; patient identity not recoverable	BLOCKED	NO
SRR24784650	SAMN35536424	UNRESOLVED	UNRESOLVED	No repeated BioSample among 718 runs; patient identity not recoverable	BLOCKED	NO
SRR24784649	SAMN35536425	UNRESOLVED	UNRESOLVED	No repeated BioSample among 718 runs; patient identity not recoverable	BLOCKED	NO
SRR24784648	SAMN35536426	UNRESOLVED	UNRESOLVED	No repeated BioSample among 718 runs; patient identity not recoverable	BLOCKED	NO
SRR24784647	SAMN35536427	UNRESOLVED	UNRESOLVED	No repeated BioSample among 718 runs; patient identity not recoverable	BLOCKED	NO
SRR24784646	SAMN35536428	UNRESOLVED	UNRESOLVED	No repeated BioSample among 718 runs; patient identity not recoverable	BLOCKED	NO
SRR24784645	SAMN35536429	UNRESOLVED	UNRESOLVED	No repeated BioSample among 718 runs; patient identity not recoverable	BLOCKED	NO
SRR24784644	SAMN35536430	UNRESOLVED	UNRESOLVED	No repeated BioSample among 718 runs; patient identity not recoverable	BLOCKED	NO
SRR24785360	SAMN35536431	UNRESOLVED	UNRESOLVED	No repeated BioSample among 718 runs; patient identity not recoverable	BLOCKED	NO
SRR24785359	SAMN35536432	UNRESOLVED	UNRESOLVED	No repeated BioSample among 718 runs; patient identity not recoverable	BLOCKED	NO
SRR24785358	SAMN35536433	UNRESOLVED	UNRESOLVED	No repeated BioSample among 718 runs; patient identity not recoverable	BLOCKED	NO
SRR24785357	SAMN35536434	UNRESOLVED	UNRESOLVED	No repeated BioSample among 718 runs; patient identity not recoverable	BLOCKED	NO
SRR24785356	SAMN35536435	UNRESOLVED	UNRESOLVED	No repeated BioSample among 718 runs; patient identity not recoverable	BLOCKED	NO
SRR24785355	SAMN35536436	UNRESOLVED	UNRESOLVED	No repeated BioSample among 718 runs; patient identity not recoverable	BLOCKED	NO
SRR24785354	SAMN35536437	UNRESOLVED	UNRESOLVED	No repeated BioSample among 718 runs; patient identity not recoverable	BLOCKED	NO
SRR24785353	SAMN35536438	UNRESOLVED	UNRESOLVED	No repeated BioSample among 718 runs; patient identity not recoverable	BLOCKED	NO
SRR24785352	SAMN35536439	UNRESOLVED	UNRESOLVED	No repeated BioSample among 718 runs; patient identity not recoverable	BLOCKED	NO
SRR24785351	SAMN35536440	UNRESOLVED	UNRESOLVED	No repeated BioSample among 718 runs; patient identity not recoverable	BLOCKED	NO
SRR24785349	SAMN35536441	UNRESOLVED	UNRESOLVED	No repeated BioSample among 718 runs; patient identity not recoverable	BLOCKED	NO
SRR24785348	SAMN35536442	UNRESOLVED	UNRESOLVED	No repeated BioSample among 718 runs; patient identity not recoverable	BLOCKED	NO
SRR24785347	SAMN35536443	UNRESOLVED	UNRESOLVED	No repeated BioSample among 718 runs; patient identity not recoverable	BLOCKED	NO
SRR24785346	SAMN35536444	UNRESOLVED	UNRESOLVED	No repeated BioSample among 718 runs; patient identity not recoverable	BLOCKED	NO
SRR24785345	SAMN35536445	UNRESOLVED	UNRESOLVED	No repeated BioSample among 718 runs; patient identity not recoverable	BLOCKED	NO
SRR24785344	SAMN35536446	UNRESOLVED	UNRESOLVED	No repeated BioSample among 718 runs; patient identity not recoverable	BLOCKED	NO
SRR24785343	SAMN35536447	UNRESOLVED	UNRESOLVED	No repeated BioSample among 718 runs; patient identity not recoverable	BLOCKED	NO
SRR24785342	SAMN35536448	UNRESOLVED	UNRESOLVED	No repeated BioSample among 718 runs; patient identity not recoverable	BLOCKED	NO
SRR24785341	SAMN35536449	UNRESOLVED	UNRESOLVED	No repeated BioSample among 718 runs; patient identity not recoverable	BLOCKED	NO
SRR24785340	SAMN35536450	UNRESOLVED	UNRESOLVED	No repeated BioSample among 718 runs; patient identity not recoverable	BLOCKED	NO
SRR24784901	SAMN35536451	UNRESOLVED	UNRESOLVED	No repeated BioSample among 718 runs; patient identity not recoverable	BLOCKED	NO
SRR24784900	SAMN35536452	UNRESOLVED	UNRESOLVED	No repeated BioSample among 718 runs; patient identity not recoverable	BLOCKED	NO
SRR24784899	SAMN35536453	UNRESOLVED	UNRESOLVED	No repeated BioSample among 718 runs; patient identity not recoverable	BLOCKED	NO
SRR24784898	SAMN35536454	UNRESOLVED	UNRESOLVED	No repeated BioSample among 718 runs; patient identity not recoverable	BLOCKED	NO
SRR24784897	SAMN35536455	UNRESOLVED	UNRESOLVED	No repeated BioSample among 718 runs; patient identity not recoverable	BLOCKED	NO
SRR24784896	SAMN35536456	UNRESOLVED	UNRESOLVED	No repeated BioSample among 718 runs; patient identity not recoverable	BLOCKED	NO
SRR24784895	SAMN35536457	UNRESOLVED	UNRESOLVED	No repeated BioSample among 718 runs; patient identity not recoverable	BLOCKED	NO
SRR24784894	SAMN35536458	UNRESOLVED	UNRESOLVED	No repeated BioSample among 718 runs; patient identity not recoverable	BLOCKED	NO
SRR24784893	SAMN35536459	UNRESOLVED	UNRESOLVED	No repeated BioSample among 718 runs; patient identity not recoverable	BLOCKED	NO
SRR24784892	SAMN35536460	UNRESOLVED	UNRESOLVED	No repeated BioSample among 718 runs; patient identity not recoverable	BLOCKED	NO
SRR24784890	SAMN35536461	UNRESOLVED	UNRESOLVED	No repeated BioSample among 718 runs; patient identity not recoverable	BLOCKED	NO
SRR24784889	SAMN35536462	UNRESOLVED	UNRESOLVED	No repeated BioSample among 718 runs; patient identity not recoverable	BLOCKED	NO
SRR24784888	SAMN35536463	UNRESOLVED	UNRESOLVED	No repeated BioSample among 718 runs; patient identity not recoverable	BLOCKED	NO
SRR24784887	SAMN35536464	UNRESOLVED	UNRESOLVED	No repeated BioSample among 718 runs; patient identity not recoverable	BLOCKED	NO
SRR24784886	SAMN35536465	UNRESOLVED	UNRESOLVED	No repeated BioSample among 718 runs; patient identity not recoverable	BLOCKED	NO
SRR24784885	SAMN35536466	UNRESOLVED	UNRESOLVED	No repeated BioSample among 718 runs; patient identity not recoverable	BLOCKED	NO
SRR24784884	SAMN35536467	UNRESOLVED	UNRESOLVED	No repeated BioSample among 718 runs; patient identity not recoverable	BLOCKED	NO
SRR24784883	SAMN35536468	UNRESOLVED	UNRESOLVED	No repeated BioSample among 718 runs; patient identity not recoverable	BLOCKED	NO
SRR24784882	SAMN35536469	UNRESOLVED	UNRESOLVED	No repeated BioSample among 718 runs; patient identity not recoverable	BLOCKED	NO
SRR24784881	SAMN35536470	UNRESOLVED	UNRESOLVED	No repeated BioSample among 718 runs; patient identity not recoverable	BLOCKED	NO
SRR24784879	SAMN35536471	UNRESOLVED	UNRESOLVED	No repeated BioSample among 718 runs; patient identity not recoverable	BLOCKED	NO
SRR24784878	SAMN35536472	UNRESOLVED	UNRESOLVED	No repeated BioSample among 718 runs; patient identity not recoverable	BLOCKED	NO
SRR24784877	SAMN35536473	UNRESOLVED	UNRESOLVED	No repeated BioSample among 718 runs; patient identity not recoverable	BLOCKED	NO
SRR24784876	SAMN35536474	UNRESOLVED	UNRESOLVED	No repeated BioSample among 718 runs; patient identity not recoverable	BLOCKED	NO
SRR24784875	SAMN35536475	UNRESOLVED	UNRESOLVED	No repeated BioSample among 718 runs; patient identity not recoverable	BLOCKED	NO
SRR24784874	SAMN35536476	UNRESOLVED	UNRESOLVED	No repeated BioSample among 718 runs; patient identity not recoverable	BLOCKED	NO
SRR24784873	SAMN35536477	UNRESOLVED	UNRESOLVED	No repeated BioSample among 718 runs; patient identity not recoverable	BLOCKED	NO
SRR24785089	SAMN35536287	UNRESOLVED	UNRESOLVED	No repeated BioSample among 718 runs; patient identity not recoverable	BLOCKED	NO
SRR24785266	SAMN35536310	UNRESOLVED	UNRESOLVED	No repeated BioSample among 718 runs; patient identity not recoverable	BLOCKED	NO
SRR24785254	SAMN35536311	UNRESOLVED	UNRESOLVED	No repeated BioSample among 718 runs; patient identity not recoverable	BLOCKED	NO
SRR24784978	SAMN35536382	UNRESOLVED	UNRESOLVED	No repeated BioSample among 718 runs; patient identity not recoverable	BLOCKED	NO
SRR24785014	SAMN35536252	UNRESOLVED	UNRESOLVED	No repeated BioSample among 718 runs; patient identity not recoverable	BLOCKED	NO
SRR24784891	SAMN35536272	UNRESOLVED	UNRESOLVED	No repeated BioSample among 718 runs; patient identity not recoverable	BLOCKED	NO
SRR24784872	SAMN35536478	UNRESOLVED	UNRESOLVED	No repeated BioSample among 718 runs; patient identity not recoverable	BLOCKED	NO
SRR24784871	SAMN35536479	UNRESOLVED	UNRESOLVED	No repeated BioSample among 718 runs; patient identity not recoverable	BLOCKED	NO
SRR24784870	SAMN35536480	UNRESOLVED	UNRESOLVED	No repeated BioSample among 718 runs; patient identity not recoverable	BLOCKED	NO
SRR24784868	SAMN35536481	UNRESOLVED	UNRESOLVED	No repeated BioSample among 718 runs; patient identity not recoverable	BLOCKED	NO
SRR24784867	SAMN35536482	UNRESOLVED	UNRESOLVED	No repeated BioSample among 718 runs; patient identity not recoverable	BLOCKED	NO
SRR24784866	SAMN35536483	UNRESOLVED	UNRESOLVED	No repeated BioSample among 718 runs; patient identity not recoverable	BLOCKED	NO
SRR24784865	SAMN35536484	UNRESOLVED	UNRESOLVED	No repeated BioSample among 718 runs; patient identity not recoverable	BLOCKED	NO
SRR24784864	SAMN35536485	UNRESOLVED	UNRESOLVED	No repeated BioSample among 718 runs; patient identity not recoverable	BLOCKED	NO
SRR24784863	SAMN35536486	UNRESOLVED	UNRESOLVED	No repeated BioSample among 718 runs; patient identity not recoverable	BLOCKED	NO
SRR24784862	SAMN35536487	UNRESOLVED	UNRESOLVED	No repeated BioSample among 718 runs; patient identity not recoverable	BLOCKED	NO
SRR24784861	SAMN35536488	UNRESOLVED	UNRESOLVED	No repeated BioSample among 718 runs; patient identity not recoverable	BLOCKED	NO
SRR24784860	SAMN35536489	UNRESOLVED	UNRESOLVED	No repeated BioSample among 718 runs; patient identity not recoverable	BLOCKED	NO
SRR24784854	SAMN35536494	UNRESOLVED	UNRESOLVED	No repeated BioSample among 718 runs; patient identity not recoverable	BLOCKED	NO
SRR24784853	SAMN35536495	UNRESOLVED	UNRESOLVED	No repeated BioSample among 718 runs; patient identity not recoverable	BLOCKED	NO
SRR24784859	SAMN35536490	UNRESOLVED	UNRESOLVED	No repeated BioSample among 718 runs; patient identity not recoverable	BLOCKED	NO
SRR24784852	SAMN35536496	UNRESOLVED	UNRESOLVED	No repeated BioSample among 718 runs; patient identity not recoverable	BLOCKED	NO
SRR24784857	SAMN35536491	UNRESOLVED	UNRESOLVED	No repeated BioSample among 718 runs; patient identity not recoverable	BLOCKED	NO
SRR24784856	SAMN35536492	UNRESOLVED	UNRESOLVED	No repeated BioSample among 718 runs; patient identity not recoverable	BLOCKED	NO
SRR24784855	SAMN35536493	UNRESOLVED	UNRESOLVED	No repeated BioSample among 718 runs; patient identity not recoverable	BLOCKED	NO
SRR24784851	SAMN35536497	UNRESOLVED	UNRESOLVED	No repeated BioSample among 718 runs; patient identity not recoverable	BLOCKED	NO
SRR24784850	SAMN35536498	UNRESOLVED	UNRESOLVED	No repeated BioSample among 718 runs; patient identity not recoverable	BLOCKED	NO
SRR24784849	SAMN35536499	UNRESOLVED	UNRESOLVED	No repeated BioSample among 718 runs; patient identity not recoverable	BLOCKED	NO
SRR24784848	SAMN35536500	UNRESOLVED	UNRESOLVED	No repeated BioSample among 718 runs; patient identity not recoverable	BLOCKED	NO
SRR24784841	SAMN35536506	UNRESOLVED	UNRESOLVED	No repeated BioSample among 718 runs; patient identity not recoverable	BLOCKED	NO
SRR24784840	SAMN35536507	UNRESOLVED	UNRESOLVED	No repeated BioSample among 718 runs; patient identity not recoverable	BLOCKED	NO
SRR24784846	SAMN35536501	UNRESOLVED	UNRESOLVED	No repeated BioSample among 718 runs; patient identity not recoverable	BLOCKED	NO
SRR24784845	SAMN35536502	UNRESOLVED	UNRESOLVED	No repeated BioSample among 718 runs; patient identity not recoverable	BLOCKED	NO
SRR24784844	SAMN35536503	UNRESOLVED	UNRESOLVED	No repeated BioSample among 718 runs; patient identity not recoverable	BLOCKED	NO
SRR24784843	SAMN35536504	UNRESOLVED	UNRESOLVED	No repeated BioSample among 718 runs; patient identity not recoverable	BLOCKED	NO
SRR24784842	SAMN35536505	UNRESOLVED	UNRESOLVED	No repeated BioSample among 718 runs; patient identity not recoverable	BLOCKED	NO
SRR24784839	SAMN35536508	UNRESOLVED	UNRESOLVED	No repeated BioSample among 718 runs; patient identity not recoverable	BLOCKED	NO
SRR24784838	SAMN35536509	UNRESOLVED	UNRESOLVED	No repeated BioSample among 718 runs; patient identity not recoverable	BLOCKED	NO
SRR24784837	SAMN35536510	UNRESOLVED	UNRESOLVED	No repeated BioSample among 718 runs; patient identity not recoverable	BLOCKED	NO
SRR24784835	SAMN35536511	UNRESOLVED	UNRESOLVED	No repeated BioSample among 718 runs; patient identity not recoverable	BLOCKED	NO
SRR24785194	SAMN35536516	UNRESOLVED	UNRESOLVED	No repeated BioSample among 718 runs; patient identity not recoverable	BLOCKED	NO
SRR24785193	SAMN35536517	UNRESOLVED	UNRESOLVED	No repeated BioSample among 718 runs; patient identity not recoverable	BLOCKED	NO
SRR24784834	SAMN35536512	UNRESOLVED	UNRESOLVED	No repeated BioSample among 718 runs; patient identity not recoverable	BLOCKED	NO
SRR24784833	SAMN35536513	UNRESOLVED	UNRESOLVED	No repeated BioSample among 718 runs; patient identity not recoverable	BLOCKED	NO
SRR24784832	SAMN35536514	UNRESOLVED	UNRESOLVED	No repeated BioSample among 718 runs; patient identity not recoverable	BLOCKED	NO
SRR24785195	SAMN35536515	UNRESOLVED	UNRESOLVED	No repeated BioSample among 718 runs; patient identity not recoverable	BLOCKED	NO
SRR24785192	SAMN35536518	UNRESOLVED	UNRESOLVED	No repeated BioSample among 718 runs; patient identity not recoverable	BLOCKED	NO
SRR24785191	SAMN35536519	UNRESOLVED	UNRESOLVED	No repeated BioSample among 718 runs; patient identity not recoverable	BLOCKED	NO
SRR24785190	SAMN35536520	UNRESOLVED	UNRESOLVED	No repeated BioSample among 718 runs; patient identity not recoverable	BLOCKED	NO
SRR24785188	SAMN35536521	UNRESOLVED	UNRESOLVED	No repeated BioSample among 718 runs; patient identity not recoverable	BLOCKED	NO
SRR24785187	SAMN35536522	UNRESOLVED	UNRESOLVED	No repeated BioSample among 718 runs; patient identity not recoverable	BLOCKED	NO
SRR24785186	SAMN35536523	UNRESOLVED	UNRESOLVED	No repeated BioSample among 718 runs; patient identity not recoverable	BLOCKED	NO
SRR24785185	SAMN35536524	UNRESOLVED	UNRESOLVED	No repeated BioSample among 718 runs; patient identity not recoverable	BLOCKED	NO
SRR24785184	SAMN35536525	UNRESOLVED	UNRESOLVED	No repeated BioSample among 718 runs; patient identity not recoverable	BLOCKED	NO
SRR24785183	SAMN35536526	UNRESOLVED	UNRESOLVED	No repeated BioSample among 718 runs; patient identity not recoverable	BLOCKED	NO
SRR24785182	SAMN35536527	UNRESOLVED	UNRESOLVED	No repeated BioSample among 718 runs; patient identity not recoverable	BLOCKED	NO
SRR24785181	SAMN35536528	UNRESOLVED	UNRESOLVED	No repeated BioSample among 718 runs; patient identity not recoverable	BLOCKED	NO
SRR24785174	SAMN35536534	UNRESOLVED	UNRESOLVED	No repeated BioSample among 718 runs; patient identity not recoverable	BLOCKED	NO
SRR24785180	SAMN35536529	UNRESOLVED	UNRESOLVED	No repeated BioSample among 718 runs; patient identity not recoverable	BLOCKED	NO
SRR24785179	SAMN35536530	UNRESOLVED	UNRESOLVED	No repeated BioSample among 718 runs; patient identity not recoverable	BLOCKED	NO
SRR24785177	SAMN35536531	UNRESOLVED	UNRESOLVED	No repeated BioSample among 718 runs; patient identity not recoverable	BLOCKED	NO
SRR24785176	SAMN35536532	UNRESOLVED	UNRESOLVED	No repeated BioSample among 718 runs; patient identity not recoverable	BLOCKED	NO
SRR24785175	SAMN35536533	UNRESOLVED	UNRESOLVED	No repeated BioSample among 718 runs; patient identity not recoverable	BLOCKED	NO
SRR24785173	SAMN35536535	UNRESOLVED	UNRESOLVED	No repeated BioSample among 718 runs; patient identity not recoverable	BLOCKED	NO
SRR24785172	SAMN35536536	UNRESOLVED	UNRESOLVED	No repeated BioSample among 718 runs; patient identity not recoverable	BLOCKED	NO
SRR24785171	SAMN35536537	UNRESOLVED	UNRESOLVED	No repeated BioSample among 718 runs; patient identity not recoverable	BLOCKED	NO
SRR24785170	SAMN35536538	UNRESOLVED	UNRESOLVED	No repeated BioSample among 718 runs; patient identity not recoverable	BLOCKED	NO
SRR24785169	SAMN35536539	UNRESOLVED	UNRESOLVED	No repeated BioSample among 718 runs; patient identity not recoverable	BLOCKED	NO
SRR24785168	SAMN35536540	UNRESOLVED	UNRESOLVED	No repeated BioSample among 718 runs; patient identity not recoverable	BLOCKED	NO
SRR24785166	SAMN35536541	UNRESOLVED	UNRESOLVED	No repeated BioSample among 718 runs; patient identity not recoverable	BLOCKED	NO
SRR24785165	SAMN35536542	UNRESOLVED	UNRESOLVED	No repeated BioSample among 718 runs; patient identity not recoverable	BLOCKED	NO
SRR24785163	SAMN35536544	UNRESOLVED	UNRESOLVED	No repeated BioSample among 718 runs; patient identity not recoverable	BLOCKED	NO
SRR24785162	SAMN35536545	UNRESOLVED	UNRESOLVED	No repeated BioSample among 718 runs; patient identity not recoverable	BLOCKED	NO
SRR24785161	SAMN35536546	UNRESOLVED	UNRESOLVED	No repeated BioSample among 718 runs; patient identity not recoverable	BLOCKED	NO
SRR24785164	SAMN35536543	UNRESOLVED	UNRESOLVED	No repeated BioSample among 718 runs; patient identity not recoverable	BLOCKED	NO
SRR24785157	SAMN35536550	UNRESOLVED	UNRESOLVED	No repeated BioSample among 718 runs; patient identity not recoverable	BLOCKED	NO
SRR24785160	SAMN35536547	UNRESOLVED	UNRESOLVED	No repeated BioSample among 718 runs; patient identity not recoverable	BLOCKED	NO
SRR24785159	SAMN35536548	UNRESOLVED	UNRESOLVED	No repeated BioSample among 718 runs; patient identity not recoverable	BLOCKED	NO
SRR24785158	SAMN35536549	UNRESOLVED	UNRESOLVED	No repeated BioSample among 718 runs; patient identity not recoverable	BLOCKED	NO
SRR24785154	SAMN35536551	UNRESOLVED	UNRESOLVED	No repeated BioSample among 718 runs; patient identity not recoverable	BLOCKED	NO
SRR24785153	SAMN35536552	UNRESOLVED	UNRESOLVED	No repeated BioSample among 718 runs; patient identity not recoverable	BLOCKED	NO
SRR24785152	SAMN35536553	UNRESOLVED	UNRESOLVED	No repeated BioSample among 718 runs; patient identity not recoverable	BLOCKED	NO
SRR24785151	SAMN35536554	UNRESOLVED	UNRESOLVED	No repeated BioSample among 718 runs; patient identity not recoverable	BLOCKED	NO
SRR24785150	SAMN35536555	UNRESOLVED	UNRESOLVED	No repeated BioSample among 718 runs; patient identity not recoverable	BLOCKED	NO
SRR24785149	SAMN35536556	UNRESOLVED	UNRESOLVED	No repeated BioSample among 718 runs; patient identity not recoverable	BLOCKED	NO
SRR24785148	SAMN35536557	UNRESOLVED	UNRESOLVED	No repeated BioSample among 718 runs; patient identity not recoverable	BLOCKED	NO
SRR24785147	SAMN35536558	UNRESOLVED	UNRESOLVED	No repeated BioSample among 718 runs; patient identity not recoverable	BLOCKED	NO
SRR24785146	SAMN35536559	UNRESOLVED	UNRESOLVED	No repeated BioSample among 718 runs; patient identity not recoverable	BLOCKED	NO
SRR24785145	SAMN35536560	UNRESOLVED	UNRESOLVED	No repeated BioSample among 718 runs; patient identity not recoverable	BLOCKED	NO
SRR24785143	SAMN35536561	UNRESOLVED	UNRESOLVED	No repeated BioSample among 718 runs; patient identity not recoverable	BLOCKED	NO
SRR24785142	SAMN35536562	UNRESOLVED	UNRESOLVED	No repeated BioSample among 718 runs; patient identity not recoverable	BLOCKED	NO
SRR24785141	SAMN35536563	UNRESOLVED	UNRESOLVED	No repeated BioSample among 718 runs; patient identity not recoverable	BLOCKED	NO
SRR24785140	SAMN35536564	UNRESOLVED	UNRESOLVED	No repeated BioSample among 718 runs; patient identity not recoverable	BLOCKED	NO
SRR24785139	SAMN35536565	UNRESOLVED	UNRESOLVED	No repeated BioSample among 718 runs; patient identity not recoverable	BLOCKED	NO
SRR24785138	SAMN35536566	UNRESOLVED	UNRESOLVED	No repeated BioSample among 718 runs; patient identity not recoverable	BLOCKED	NO
SRR24785131	SAMN35536572	UNRESOLVED	UNRESOLVED	No repeated BioSample among 718 runs; patient identity not recoverable	BLOCKED	NO
SRR24785137	SAMN35536567	UNRESOLVED	UNRESOLVED	No repeated BioSample among 718 runs; patient identity not recoverable	BLOCKED	NO
SRR24785136	SAMN35536568	UNRESOLVED	UNRESOLVED	No repeated BioSample among 718 runs; patient identity not recoverable	BLOCKED	NO
SRR24785135	SAMN35536569	UNRESOLVED	UNRESOLVED	No repeated BioSample among 718 runs; patient identity not recoverable	BLOCKED	NO
SRR24785134	SAMN35536570	UNRESOLVED	UNRESOLVED	No repeated BioSample among 718 runs; patient identity not recoverable	BLOCKED	NO
SRR24785132	SAMN35536571	UNRESOLVED	UNRESOLVED	No repeated BioSample among 718 runs; patient identity not recoverable	BLOCKED	NO
SRR24785130	SAMN35536573	UNRESOLVED	UNRESOLVED	No repeated BioSample among 718 runs; patient identity not recoverable	BLOCKED	NO
SRR24785126	SAMN35536577	UNRESOLVED	UNRESOLVED	No repeated BioSample among 718 runs; patient identity not recoverable	BLOCKED	NO
SRR24785129	SAMN35536574	UNRESOLVED	UNRESOLVED	No repeated BioSample among 718 runs; patient identity not recoverable	BLOCKED	NO
SRR24785128	SAMN35536575	UNRESOLVED	UNRESOLVED	No repeated BioSample among 718 runs; patient identity not recoverable	BLOCKED	NO
SRR24785127	SAMN35536576	UNRESOLVED	UNRESOLVED	No repeated BioSample among 718 runs; patient identity not recoverable	BLOCKED	NO
SRR24785125	SAMN35536578	UNRESOLVED	UNRESOLVED	No repeated BioSample among 718 runs; patient identity not recoverable	BLOCKED	NO
SRR24785124	SAMN35536579	UNRESOLVED	UNRESOLVED	No repeated BioSample among 718 runs; patient identity not recoverable	BLOCKED	NO
SRR24785123	SAMN35536580	UNRESOLVED	UNRESOLVED	No repeated BioSample among 718 runs; patient identity not recoverable	BLOCKED	NO
SRR24785121	SAMN35536581	UNRESOLVED	UNRESOLVED	No repeated BioSample among 718 runs; patient identity not recoverable	BLOCKED	NO
SRR24785120	SAMN35536582	UNRESOLVED	UNRESOLVED	No repeated BioSample among 718 runs; patient identity not recoverable	BLOCKED	NO
SRR24785119	SAMN35536583	UNRESOLVED	UNRESOLVED	No repeated BioSample among 718 runs; patient identity not recoverable	BLOCKED	NO
SRR24785118	SAMN35536584	UNRESOLVED	UNRESOLVED	No repeated BioSample among 718 runs; patient identity not recoverable	BLOCKED	NO
SRR24785117	SAMN35536585	UNRESOLVED	UNRESOLVED	No repeated BioSample among 718 runs; patient identity not recoverable	BLOCKED	NO
SRR24785116	SAMN35536586	UNRESOLVED	UNRESOLVED	No repeated BioSample among 718 runs; patient identity not recoverable	BLOCKED	NO
SRR24785115	SAMN35536587	UNRESOLVED	UNRESOLVED	No repeated BioSample among 718 runs; patient identity not recoverable	BLOCKED	NO
SRR24785114	SAMN35536588	UNRESOLVED	UNRESOLVED	No repeated BioSample among 718 runs; patient identity not recoverable	BLOCKED	NO
SRR24785113	SAMN35536589	UNRESOLVED	UNRESOLVED	No repeated BioSample among 718 runs; patient identity not recoverable	BLOCKED	NO
SRR24785112	SAMN35536590	UNRESOLVED	UNRESOLVED	No repeated BioSample among 718 runs; patient identity not recoverable	BLOCKED	NO
SRR24785110	SAMN35536591	UNRESOLVED	UNRESOLVED	No repeated BioSample among 718 runs; patient identity not recoverable	BLOCKED	NO
SRR24785109	SAMN35536592	UNRESOLVED	UNRESOLVED	No repeated BioSample among 718 runs; patient identity not recoverable	BLOCKED	NO
SRR24785108	SAMN35536593	UNRESOLVED	UNRESOLVED	No repeated BioSample among 718 runs; patient identity not recoverable	BLOCKED	NO
SRR24785107	SAMN35536594	UNRESOLVED	UNRESOLVED	No repeated BioSample among 718 runs; patient identity not recoverable	BLOCKED	NO
SRR24785106	SAMN35536595	UNRESOLVED	UNRESOLVED	No repeated BioSample among 718 runs; patient identity not recoverable	BLOCKED	NO
SRR24785105	SAMN35536596	UNRESOLVED	UNRESOLVED	No repeated BioSample among 718 runs; patient identity not recoverable	BLOCKED	NO
SRR24785104	SAMN35536597	UNRESOLVED	UNRESOLVED	No repeated BioSample among 718 runs; patient identity not recoverable	BLOCKED	NO
SRR24785103	SAMN35536598	UNRESOLVED	UNRESOLVED	No repeated BioSample among 718 runs; patient identity not recoverable	BLOCKED	NO
SRR24785102	SAMN35536599	UNRESOLVED	UNRESOLVED	No repeated BioSample among 718 runs; patient identity not recoverable	BLOCKED	NO
SRR24785101	SAMN35536600	UNRESOLVED	UNRESOLVED	No repeated BioSample among 718 runs; patient identity not recoverable	BLOCKED	NO
SRR24785099	SAMN35536601	UNRESOLVED	UNRESOLVED	No repeated BioSample among 718 runs; patient identity not recoverable	BLOCKED	NO
SRR24785098	SAMN35536602	UNRESOLVED	UNRESOLVED	No repeated BioSample among 718 runs; patient identity not recoverable	BLOCKED	NO
SRR24785097	SAMN35536603	UNRESOLVED	UNRESOLVED	No repeated BioSample among 718 runs; patient identity not recoverable	BLOCKED	NO
SRR24785094	SAMN35536606	UNRESOLVED	UNRESOLVED	No repeated BioSample among 718 runs; patient identity not recoverable	BLOCKED	NO
SRR24785096	SAMN35536604	UNRESOLVED	UNRESOLVED	No repeated BioSample among 718 runs; patient identity not recoverable	BLOCKED	NO
SRR24785095	SAMN35536605	UNRESOLVED	UNRESOLVED	No repeated BioSample among 718 runs; patient identity not recoverable	BLOCKED	NO
SRR24785093	SAMN35536607	UNRESOLVED	UNRESOLVED	No repeated BioSample among 718 runs; patient identity not recoverable	BLOCKED	NO
SRR24785092	SAMN35536608	UNRESOLVED	UNRESOLVED	No repeated BioSample among 718 runs; patient identity not recoverable	BLOCKED	NO
SRR24785091	SAMN35536609	UNRESOLVED	UNRESOLVED	No repeated BioSample among 718 runs; patient identity not recoverable	BLOCKED	NO
SRR24785090	SAMN35536610	UNRESOLVED	UNRESOLVED	No repeated BioSample among 718 runs; patient identity not recoverable	BLOCKED	NO
SRR24785088	SAMN35536611	UNRESOLVED	UNRESOLVED	No repeated BioSample among 718 runs; patient identity not recoverable	BLOCKED	NO
SRR24784939	SAMN35536612	UNRESOLVED	UNRESOLVED	No repeated BioSample among 718 runs; patient identity not recoverable	BLOCKED	NO
SRR24784938	SAMN35536613	UNRESOLVED	UNRESOLVED	No repeated BioSample among 718 runs; patient identity not recoverable	BLOCKED	NO
SRR24784937	SAMN35536614	UNRESOLVED	UNRESOLVED	No repeated BioSample among 718 runs; patient identity not recoverable	BLOCKED	NO
SRR24784936	SAMN35536615	UNRESOLVED	UNRESOLVED	No repeated BioSample among 718 runs; patient identity not recoverable	BLOCKED	NO
SRR24784934	SAMN35536617	UNRESOLVED	UNRESOLVED	No repeated BioSample among 718 runs; patient identity not recoverable	BLOCKED	NO
SRR24784933	SAMN35536618	UNRESOLVED	UNRESOLVED	No repeated BioSample among 718 runs; patient identity not recoverable	BLOCKED	NO
SRR24784932	SAMN35536619	UNRESOLVED	UNRESOLVED	No repeated BioSample among 718 runs; patient identity not recoverable	BLOCKED	NO
SRR24784935	SAMN35536616	UNRESOLVED	UNRESOLVED	No repeated BioSample among 718 runs; patient identity not recoverable	BLOCKED	NO
SRR24784931	SAMN35536620	UNRESOLVED	UNRESOLVED	No repeated BioSample among 718 runs; patient identity not recoverable	BLOCKED	NO
SRR24784929	SAMN35536621	UNRESOLVED	UNRESOLVED	No repeated BioSample among 718 runs; patient identity not recoverable	BLOCKED	NO
SRR24784928	SAMN35536622	UNRESOLVED	UNRESOLVED	No repeated BioSample among 718 runs; patient identity not recoverable	BLOCKED	NO
SRR24784927	SAMN35536623	UNRESOLVED	UNRESOLVED	No repeated BioSample among 718 runs; patient identity not recoverable	BLOCKED	NO
SRR24784926	SAMN35536624	UNRESOLVED	UNRESOLVED	No repeated BioSample among 718 runs; patient identity not recoverable	BLOCKED	NO
SRR24784925	SAMN35536625	UNRESOLVED	UNRESOLVED	No repeated BioSample among 718 runs; patient identity not recoverable	BLOCKED	NO
SRR24784924	SAMN35536626	UNRESOLVED	UNRESOLVED	No repeated BioSample among 718 runs; patient identity not recoverable	BLOCKED	NO
SRR24784923	SAMN35536627	UNRESOLVED	UNRESOLVED	No repeated BioSample among 718 runs; patient identity not recoverable	BLOCKED	NO
SRR24784922	SAMN35536628	UNRESOLVED	UNRESOLVED	No repeated BioSample among 718 runs; patient identity not recoverable	BLOCKED	NO
SRR24784921	SAMN35536629	UNRESOLVED	UNRESOLVED	No repeated BioSample among 718 runs; patient identity not recoverable	BLOCKED	NO
SRR24784918	SAMN35536631	UNRESOLVED	UNRESOLVED	No repeated BioSample among 718 runs; patient identity not recoverable	BLOCKED	NO
SRR24784917	SAMN35536632	UNRESOLVED	UNRESOLVED	No repeated BioSample among 718 runs; patient identity not recoverable	BLOCKED	NO
SRR24784916	SAMN35536633	UNRESOLVED	UNRESOLVED	No repeated BioSample among 718 runs; patient identity not recoverable	BLOCKED	NO
SRR24784920	SAMN35536630	UNRESOLVED	UNRESOLVED	No repeated BioSample among 718 runs; patient identity not recoverable	BLOCKED	NO
SRR24784911	SAMN35536638	UNRESOLVED	UNRESOLVED	No repeated BioSample among 718 runs; patient identity not recoverable	BLOCKED	NO
SRR24784915	SAMN35536634	UNRESOLVED	UNRESOLVED	No repeated BioSample among 718 runs; patient identity not recoverable	BLOCKED	NO
SRR24784914	SAMN35536635	UNRESOLVED	UNRESOLVED	No repeated BioSample among 718 runs; patient identity not recoverable	BLOCKED	NO
SRR24784913	SAMN35536636	UNRESOLVED	UNRESOLVED	No repeated BioSample among 718 runs; patient identity not recoverable	BLOCKED	NO
SRR24784912	SAMN35536637	UNRESOLVED	UNRESOLVED	No repeated BioSample among 718 runs; patient identity not recoverable	BLOCKED	NO
SRR24784910	SAMN35536639	UNRESOLVED	UNRESOLVED	No repeated BioSample among 718 runs; patient identity not recoverable	BLOCKED	NO
SRR24784909	SAMN35536640	UNRESOLVED	UNRESOLVED	No repeated BioSample among 718 runs; patient identity not recoverable	BLOCKED	NO
SRR24784907	SAMN35536641	UNRESOLVED	UNRESOLVED	No repeated BioSample among 718 runs; patient identity not recoverable	BLOCKED	NO
SRR24784906	SAMN35536642	UNRESOLVED	UNRESOLVED	No repeated BioSample among 718 runs; patient identity not recoverable	BLOCKED	NO
SRR24784905	SAMN35536643	UNRESOLVED	UNRESOLVED	No repeated BioSample among 718 runs; patient identity not recoverable	BLOCKED	NO
SRR24784904	SAMN35536644	UNRESOLVED	UNRESOLVED	No repeated BioSample among 718 runs; patient identity not recoverable	BLOCKED	NO
SRR24784831	SAMN35536645	UNRESOLVED	UNRESOLVED	No repeated BioSample among 718 runs; patient identity not recoverable	BLOCKED	NO
SRR24784830	SAMN35536646	UNRESOLVED	UNRESOLVED	No repeated BioSample among 718 runs; patient identity not recoverable	BLOCKED	NO
SRR24784829	SAMN35536647	UNRESOLVED	UNRESOLVED	No repeated BioSample among 718 runs; patient identity not recoverable	BLOCKED	NO
SRR24784828	SAMN35536648	UNRESOLVED	UNRESOLVED	No repeated BioSample among 718 runs; patient identity not recoverable	BLOCKED	NO
SRR24784827	SAMN35536649	UNRESOLVED	UNRESOLVED	No repeated BioSample among 718 runs; patient identity not recoverable	BLOCKED	NO
SRR24784826	SAMN35536650	UNRESOLVED	UNRESOLVED	No repeated BioSample among 718 runs; patient identity not recoverable	BLOCKED	NO
SRR24784823	SAMN35536651	UNRESOLVED	UNRESOLVED	No repeated BioSample among 718 runs; patient identity not recoverable	BLOCKED	NO
SRR24784822	SAMN35536652	UNRESOLVED	UNRESOLVED	No repeated BioSample among 718 runs; patient identity not recoverable	BLOCKED	NO
SRR24784821	SAMN35536653	UNRESOLVED	UNRESOLVED	No repeated BioSample among 718 runs; patient identity not recoverable	BLOCKED	NO
SRR24784820	SAMN35536654	UNRESOLVED	UNRESOLVED	No repeated BioSample among 718 runs; patient identity not recoverable	BLOCKED	NO
SRR24784819	SAMN35536655	UNRESOLVED	UNRESOLVED	No repeated BioSample among 718 runs; patient identity not recoverable	BLOCKED	NO
SRR24784818	SAMN35536656	UNRESOLVED	UNRESOLVED	No repeated BioSample among 718 runs; patient identity not recoverable	BLOCKED	NO
SRR24784817	SAMN35536657	UNRESOLVED	UNRESOLVED	No repeated BioSample among 718 runs; patient identity not recoverable	BLOCKED	NO
SRR24784816	SAMN35536658	UNRESOLVED	UNRESOLVED	No repeated BioSample among 718 runs; patient identity not recoverable	BLOCKED	NO
SRR24784815	SAMN35536659	UNRESOLVED	UNRESOLVED	No repeated BioSample among 718 runs; patient identity not recoverable	BLOCKED	NO
SRR24784814	SAMN35536660	UNRESOLVED	UNRESOLVED	No repeated BioSample among 718 runs; patient identity not recoverable	BLOCKED	NO
SRR24784812	SAMN35536661	UNRESOLVED	UNRESOLVED	No repeated BioSample among 718 runs; patient identity not recoverable	BLOCKED	NO
SRR24784811	SAMN35536662	UNRESOLVED	UNRESOLVED	No repeated BioSample among 718 runs; patient identity not recoverable	BLOCKED	NO
SRR24784810	SAMN35536663	UNRESOLVED	UNRESOLVED	No repeated BioSample among 718 runs; patient identity not recoverable	BLOCKED	NO
SRR24784808	SAMN35536665	UNRESOLVED	UNRESOLVED	No repeated BioSample among 718 runs; patient identity not recoverable	BLOCKED	NO
SRR24784809	SAMN35536664	UNRESOLVED	UNRESOLVED	No repeated BioSample among 718 runs; patient identity not recoverable	BLOCKED	NO
SRR24784807	SAMN35536666	UNRESOLVED	UNRESOLVED	No repeated BioSample among 718 runs; patient identity not recoverable	BLOCKED	NO
SRR24784806	SAMN35536667	UNRESOLVED	UNRESOLVED	No repeated BioSample among 718 runs; patient identity not recoverable	BLOCKED	NO
SRR24784805	SAMN35536668	UNRESOLVED	UNRESOLVED	No repeated BioSample among 718 runs; patient identity not recoverable	BLOCKED	NO
SRR24784804	SAMN35536669	UNRESOLVED	UNRESOLVED	No repeated BioSample among 718 runs; patient identity not recoverable	BLOCKED	NO
SRR24784803	SAMN35536670	UNRESOLVED	UNRESOLVED	No repeated BioSample among 718 runs; patient identity not recoverable	BLOCKED	NO
SRR24784798	SAMN35536674	UNRESOLVED	UNRESOLVED	No repeated BioSample among 718 runs; patient identity not recoverable	BLOCKED	NO
SRR24784801	SAMN35536671	UNRESOLVED	UNRESOLVED	No repeated BioSample among 718 runs; patient identity not recoverable	BLOCKED	NO
SRR24784800	SAMN35536672	UNRESOLVED	UNRESOLVED	No repeated BioSample among 718 runs; patient identity not recoverable	BLOCKED	NO
SRR24784799	SAMN35536673	UNRESOLVED	UNRESOLVED	No repeated BioSample among 718 runs; patient identity not recoverable	BLOCKED	NO
SRR24784797	SAMN35536675	UNRESOLVED	UNRESOLVED	No repeated BioSample among 718 runs; patient identity not recoverable	BLOCKED	NO
SRR24784796	SAMN35536676	UNRESOLVED	UNRESOLVED	No repeated BioSample among 718 runs; patient identity not recoverable	BLOCKED	NO
SRR24784693	SAMN35536677	UNRESOLVED	UNRESOLVED	No repeated BioSample among 718 runs; patient identity not recoverable	BLOCKED	NO
SRR24784692	SAMN35536678	UNRESOLVED	UNRESOLVED	No repeated BioSample among 718 runs; patient identity not recoverable	BLOCKED	NO
SRR24784691	SAMN35536679	UNRESOLVED	UNRESOLVED	No repeated BioSample among 718 runs; patient identity not recoverable	BLOCKED	NO
SRR24784686	SAMN35536683	UNRESOLVED	UNRESOLVED	No repeated BioSample among 718 runs; patient identity not recoverable	BLOCKED	NO
SRR24784690	SAMN35536680	UNRESOLVED	UNRESOLVED	No repeated BioSample among 718 runs; patient identity not recoverable	BLOCKED	NO
SRR24784688	SAMN35536681	UNRESOLVED	UNRESOLVED	No repeated BioSample among 718 runs; patient identity not recoverable	BLOCKED	NO
SRR24784687	SAMN35536682	UNRESOLVED	UNRESOLVED	No repeated BioSample among 718 runs; patient identity not recoverable	BLOCKED	NO
SRR24784685	SAMN35536684	UNRESOLVED	UNRESOLVED	No repeated BioSample among 718 runs; patient identity not recoverable	BLOCKED	NO
SRR24784684	SAMN35536685	UNRESOLVED	UNRESOLVED	No repeated BioSample among 718 runs; patient identity not recoverable	BLOCKED	NO
SRR24784683	SAMN35536686	UNRESOLVED	UNRESOLVED	No repeated BioSample among 718 runs; patient identity not recoverable	BLOCKED	NO
SRR24784682	SAMN35536687	UNRESOLVED	UNRESOLVED	No repeated BioSample among 718 runs; patient identity not recoverable	BLOCKED	NO
SRR24784681	SAMN35536688	UNRESOLVED	UNRESOLVED	No repeated BioSample among 718 runs; patient identity not recoverable	BLOCKED	NO
SRR24784680	SAMN35536689	UNRESOLVED	UNRESOLVED	No repeated BioSample among 718 runs; patient identity not recoverable	BLOCKED	NO
SRR24784679	SAMN35536690	UNRESOLVED	UNRESOLVED	No repeated BioSample among 718 runs; patient identity not recoverable	BLOCKED	NO
SRR24784677	SAMN35536691	UNRESOLVED	UNRESOLVED	No repeated BioSample among 718 runs; patient identity not recoverable	BLOCKED	NO
SRR24784676	SAMN35536692	UNRESOLVED	UNRESOLVED	No repeated BioSample among 718 runs; patient identity not recoverable	BLOCKED	NO
SRR24784675	SAMN35536693	UNRESOLVED	UNRESOLVED	No repeated BioSample among 718 runs; patient identity not recoverable	BLOCKED	NO
SRR24784674	SAMN35536694	UNRESOLVED	UNRESOLVED	No repeated BioSample among 718 runs; patient identity not recoverable	BLOCKED	NO
SRR24784673	SAMN35536695	UNRESOLVED	UNRESOLVED	No repeated BioSample among 718 runs; patient identity not recoverable	BLOCKED	NO
SRR24784672	SAMN35536696	UNRESOLVED	UNRESOLVED	No repeated BioSample among 718 runs; patient identity not recoverable	BLOCKED	NO
SRR24784671	SAMN35536697	UNRESOLVED	UNRESOLVED	No repeated BioSample among 718 runs; patient identity not recoverable	BLOCKED	NO
SRR24784670	SAMN35536698	UNRESOLVED	UNRESOLVED	No repeated BioSample among 718 runs; patient identity not recoverable	BLOCKED	NO
SRR24784669	SAMN35536699	UNRESOLVED	UNRESOLVED	No repeated BioSample among 718 runs; patient identity not recoverable	BLOCKED	NO
SRR24784668	SAMN35536700	UNRESOLVED	UNRESOLVED	No repeated BioSample among 718 runs; patient identity not recoverable	BLOCKED	NO
SRR24784666	SAMN35536701	UNRESOLVED	UNRESOLVED	No repeated BioSample among 718 runs; patient identity not recoverable	BLOCKED	NO
SRR24784665	SAMN35536702	UNRESOLVED	UNRESOLVED	No repeated BioSample among 718 runs; patient identity not recoverable	BLOCKED	NO
SRR24784664	SAMN35536703	UNRESOLVED	UNRESOLVED	No repeated BioSample among 718 runs; patient identity not recoverable	BLOCKED	NO
SRR24784663	SAMN35536704	UNRESOLVED	UNRESOLVED	No repeated BioSample among 718 runs; patient identity not recoverable	BLOCKED	NO
SRR24784662	SAMN35536705	UNRESOLVED	UNRESOLVED	No repeated BioSample among 718 runs; patient identity not recoverable	BLOCKED	NO
SRR24784661	SAMN35536706	UNRESOLVED	UNRESOLVED	No repeated BioSample among 718 runs; patient identity not recoverable	BLOCKED	NO
SRR24784660	SAMN35536707	UNRESOLVED	UNRESOLVED	No repeated BioSample among 718 runs; patient identity not recoverable	BLOCKED	NO
SRR24784659	SAMN35536708	UNRESOLVED	UNRESOLVED	No repeated BioSample among 718 runs; patient identity not recoverable	BLOCKED	NO
SRR24784658	SAMN35536709	UNRESOLVED	UNRESOLVED	No repeated BioSample among 718 runs; patient identity not recoverable	BLOCKED	NO
SRR24785231	SAMN35536710	UNRESOLVED	UNRESOLVED	No repeated BioSample among 718 runs; patient identity not recoverable	BLOCKED	NO
SRR24785229	SAMN35536711	UNRESOLVED	UNRESOLVED	No repeated BioSample among 718 runs; patient identity not recoverable	BLOCKED	NO
SRR24785228	SAMN35536712	UNRESOLVED	UNRESOLVED	No repeated BioSample among 718 runs; patient identity not recoverable	BLOCKED	NO
SRR24785227	SAMN35536713	UNRESOLVED	UNRESOLVED	No repeated BioSample among 718 runs; patient identity not recoverable	BLOCKED	NO
SRR24785225	SAMN35536715	UNRESOLVED	UNRESOLVED	No repeated BioSample among 718 runs; patient identity not recoverable	BLOCKED	NO
SRR24785226	SAMN35536714	UNRESOLVED	UNRESOLVED	No repeated BioSample among 718 runs; patient identity not recoverable	BLOCKED	NO
SRR24785224	SAMN35536716	UNRESOLVED	UNRESOLVED	No repeated BioSample among 718 runs; patient identity not recoverable	BLOCKED	NO
SRR24785223	SAMN35536717	UNRESOLVED	UNRESOLVED	No repeated BioSample among 718 runs; patient identity not recoverable	BLOCKED	NO
SRR24785222	SAMN35536718	UNRESOLVED	UNRESOLVED	No repeated BioSample among 718 runs; patient identity not recoverable	BLOCKED	NO
SRR24785221	SAMN35536719	UNRESOLVED	UNRESOLVED	No repeated BioSample among 718 runs; patient identity not recoverable	BLOCKED	NO
SRR24785220	SAMN35536720	UNRESOLVED	UNRESOLVED	No repeated BioSample among 718 runs; patient identity not recoverable	BLOCKED	NO
SRR24785218	SAMN35536721	UNRESOLVED	UNRESOLVED	No repeated BioSample among 718 runs; patient identity not recoverable	BLOCKED	NO
SRR24785217	SAMN35536722	UNRESOLVED	UNRESOLVED	No repeated BioSample among 718 runs; patient identity not recoverable	BLOCKED	NO
SRR24785216	SAMN35536723	UNRESOLVED	UNRESOLVED	No repeated BioSample among 718 runs; patient identity not recoverable	BLOCKED	NO
SRR24785215	SAMN35536724	UNRESOLVED	UNRESOLVED	No repeated BioSample among 718 runs; patient identity not recoverable	BLOCKED	NO
SRR24785214	SAMN35536725	UNRESOLVED	UNRESOLVED	No repeated BioSample among 718 runs; patient identity not recoverable	BLOCKED	NO
SRR24785213	SAMN35536726	UNRESOLVED	UNRESOLVED	No repeated BioSample among 718 runs; patient identity not recoverable	BLOCKED	NO
SRR24785212	SAMN35536727	UNRESOLVED	UNRESOLVED	No repeated BioSample among 718 runs; patient identity not recoverable	BLOCKED	NO
SRR24785211	SAMN35536728	UNRESOLVED	UNRESOLVED	No repeated BioSample among 718 runs; patient identity not recoverable	BLOCKED	NO
SRR24785210	SAMN35536729	UNRESOLVED	UNRESOLVED	No repeated BioSample among 718 runs; patient identity not recoverable	BLOCKED	NO
SRR24785209	SAMN35536730	UNRESOLVED	UNRESOLVED	No repeated BioSample among 718 runs; patient identity not recoverable	BLOCKED	NO
SRR24785207	SAMN35536731	UNRESOLVED	UNRESOLVED	No repeated BioSample among 718 runs; patient identity not recoverable	BLOCKED	NO
SRR24785206	SAMN35536732	UNRESOLVED	UNRESOLVED	No repeated BioSample among 718 runs; patient identity not recoverable	BLOCKED	NO
SRR24785205	SAMN35536733	UNRESOLVED	UNRESOLVED	No repeated BioSample among 718 runs; patient identity not recoverable	BLOCKED	NO
SRR24785204	SAMN35536734	UNRESOLVED	UNRESOLVED	No repeated BioSample among 718 runs; patient identity not recoverable	BLOCKED	NO
SRR24785203	SAMN35536735	UNRESOLVED	UNRESOLVED	No repeated BioSample among 718 runs; patient identity not recoverable	BLOCKED	NO
SRR24785202	SAMN35536736	UNRESOLVED	UNRESOLVED	No repeated BioSample among 718 runs; patient identity not recoverable	BLOCKED	NO
SRR24785201	SAMN35536737	UNRESOLVED	UNRESOLVED	No repeated BioSample among 718 runs; patient identity not recoverable	BLOCKED	NO
SRR24785200	SAMN35536738	UNRESOLVED	UNRESOLVED	No repeated BioSample among 718 runs; patient identity not recoverable	BLOCKED	NO
SRR24785199	SAMN35536739	UNRESOLVED	UNRESOLVED	No repeated BioSample among 718 runs; patient identity not recoverable	BLOCKED	NO
SRR24785198	SAMN35536740	UNRESOLVED	UNRESOLVED	No repeated BioSample among 718 runs; patient identity not recoverable	BLOCKED	NO
SRR24785196	SAMN35536741	UNRESOLVED	UNRESOLVED	No repeated BioSample among 718 runs; patient identity not recoverable	BLOCKED	NO
SRR24785051	SAMN35536742	UNRESOLVED	UNRESOLVED	No repeated BioSample among 718 runs; patient identity not recoverable	BLOCKED	NO
SRR24785050	SAMN35536743	UNRESOLVED	UNRESOLVED	No repeated BioSample among 718 runs; patient identity not recoverable	BLOCKED	NO
SRR24785048	SAMN35536745	UNRESOLVED	UNRESOLVED	No repeated BioSample among 718 runs; patient identity not recoverable	BLOCKED	NO
SRR24785049	SAMN35536744	UNRESOLVED	UNRESOLVED	No repeated BioSample among 718 runs; patient identity not recoverable	BLOCKED	NO
SRR24785047	SAMN35536746	UNRESOLVED	UNRESOLVED	No repeated BioSample among 718 runs; patient identity not recoverable	BLOCKED	NO
SRR24785045	SAMN35536748	UNRESOLVED	UNRESOLVED	No repeated BioSample among 718 runs; patient identity not recoverable	BLOCKED	NO
SRR24785046	SAMN35536747	UNRESOLVED	UNRESOLVED	No repeated BioSample among 718 runs; patient identity not recoverable	BLOCKED	NO
SRR24785044	SAMN35536749	UNRESOLVED	UNRESOLVED	No repeated BioSample among 718 runs; patient identity not recoverable	BLOCKED	NO
SRR24785043	SAMN35536750	UNRESOLVED	UNRESOLVED	No repeated BioSample among 718 runs; patient identity not recoverable	BLOCKED	NO
SRR24785040	SAMN35536751	UNRESOLVED	UNRESOLVED	No repeated BioSample among 718 runs; patient identity not recoverable	BLOCKED	NO
SRR24785039	SAMN35536752	UNRESOLVED	UNRESOLVED	No repeated BioSample among 718 runs; patient identity not recoverable	BLOCKED	NO
SRR24785038	SAMN35536753	UNRESOLVED	UNRESOLVED	No repeated BioSample among 718 runs; patient identity not recoverable	BLOCKED	NO
SRR24785037	SAMN35536754	UNRESOLVED	UNRESOLVED	No repeated BioSample among 718 runs; patient identity not recoverable	BLOCKED	NO
SRR24785036	SAMN35536755	UNRESOLVED	UNRESOLVED	No repeated BioSample among 718 runs; patient identity not recoverable	BLOCKED	NO
SRR24785035	SAMN35536756	UNRESOLVED	UNRESOLVED	No repeated BioSample among 718 runs; patient identity not recoverable	BLOCKED	NO
SRR24785034	SAMN35536757	UNRESOLVED	UNRESOLVED	No repeated BioSample among 718 runs; patient identity not recoverable	BLOCKED	NO
SRR24785033	SAMN35536758	UNRESOLVED	UNRESOLVED	No repeated BioSample among 718 runs; patient identity not recoverable	BLOCKED	NO
SRR24785032	SAMN35536759	UNRESOLVED	UNRESOLVED	No repeated BioSample among 718 runs; patient identity not recoverable	BLOCKED	NO
SRR24785031	SAMN35536760	UNRESOLVED	UNRESOLVED	No repeated BioSample among 718 runs; patient identity not recoverable	BLOCKED	NO
SRR24785029	SAMN35536761	UNRESOLVED	UNRESOLVED	No repeated BioSample among 718 runs; patient identity not recoverable	BLOCKED	NO
SRR24785028	SAMN35536762	UNRESOLVED	UNRESOLVED	No repeated BioSample among 718 runs; patient identity not recoverable	BLOCKED	NO
SRR24785027	SAMN35536763	UNRESOLVED	UNRESOLVED	No repeated BioSample among 718 runs; patient identity not recoverable	BLOCKED	NO
SRR24785026	SAMN35536764	UNRESOLVED	UNRESOLVED	No repeated BioSample among 718 runs; patient identity not recoverable	BLOCKED	NO
SRR24785025	SAMN35536765	UNRESOLVED	UNRESOLVED	No repeated BioSample among 718 runs; patient identity not recoverable	BLOCKED	NO
SRR24785024	SAMN35536766	UNRESOLVED	UNRESOLVED	No repeated BioSample among 718 runs; patient identity not recoverable	BLOCKED	NO
SRR24785023	SAMN35536767	UNRESOLVED	UNRESOLVED	No repeated BioSample among 718 runs; patient identity not recoverable	BLOCKED	NO
SRR24785022	SAMN35536768	UNRESOLVED	UNRESOLVED	No repeated BioSample among 718 runs; patient identity not recoverable	BLOCKED	NO
SRR24785021	SAMN35536769	UNRESOLVED	UNRESOLVED	No repeated BioSample among 718 runs; patient identity not recoverable	BLOCKED	NO
SRR24785020	SAMN35536770	UNRESOLVED	UNRESOLVED	No repeated BioSample among 718 runs; patient identity not recoverable	BLOCKED	NO
SRR24785018	SAMN35536771	UNRESOLVED	UNRESOLVED	No repeated BioSample among 718 runs; patient identity not recoverable	BLOCKED	NO
SRR24785017	SAMN35536772	UNRESOLVED	UNRESOLVED	No repeated BioSample among 718 runs; patient identity not recoverable	BLOCKED	NO
SRR24785016	SAMN35536773	UNRESOLVED	UNRESOLVED	No repeated BioSample among 718 runs; patient identity not recoverable	BLOCKED	NO
SRR24784730	SAMN35536774	UNRESOLVED	UNRESOLVED	No repeated BioSample among 718 runs; patient identity not recoverable	BLOCKED	NO
SRR24784728	SAMN35536775	UNRESOLVED	UNRESOLVED	No repeated BioSample among 718 runs; patient identity not recoverable	BLOCKED	NO
SRR24784727	SAMN35536776	UNRESOLVED	UNRESOLVED	No repeated BioSample among 718 runs; patient identity not recoverable	BLOCKED	NO
SRR24784726	SAMN35536777	UNRESOLVED	UNRESOLVED	No repeated BioSample among 718 runs; patient identity not recoverable	BLOCKED	NO
SRR24784721	SAMN35536781	UNRESOLVED	UNRESOLVED	No repeated BioSample among 718 runs; patient identity not recoverable	BLOCKED	NO
SRR24784725	SAMN35536778	UNRESOLVED	UNRESOLVED	No repeated BioSample among 718 runs; patient identity not recoverable	BLOCKED	NO
SRR24784724	SAMN35536779	UNRESOLVED	UNRESOLVED	No repeated BioSample among 718 runs; patient identity not recoverable	BLOCKED	NO
SRR24784723	SAMN35536780	UNRESOLVED	UNRESOLVED	No repeated BioSample among 718 runs; patient identity not recoverable	BLOCKED	NO
SRR24784720	SAMN35536782	UNRESOLVED	UNRESOLVED	No repeated BioSample among 718 runs; patient identity not recoverable	BLOCKED	NO
SRR24784719	SAMN35536783	UNRESOLVED	UNRESOLVED	No repeated BioSample among 718 runs; patient identity not recoverable	BLOCKED	NO
SRR24784718	SAMN35536784	UNRESOLVED	UNRESOLVED	No repeated BioSample among 718 runs; patient identity not recoverable	BLOCKED	NO
SRR24784717	SAMN35536785	UNRESOLVED	UNRESOLVED	No repeated BioSample among 718 runs; patient identity not recoverable	BLOCKED	NO
SRR24784712	SAMN35536790	UNRESOLVED	UNRESOLVED	No repeated BioSample among 718 runs; patient identity not recoverable	BLOCKED	NO
SRR24784710	SAMN35536791	UNRESOLVED	UNRESOLVED	No repeated BioSample among 718 runs; patient identity not recoverable	BLOCKED	NO
SRR24784716	SAMN35536786	UNRESOLVED	UNRESOLVED	No repeated BioSample among 718 runs; patient identity not recoverable	BLOCKED	NO
SRR24784715	SAMN35536787	UNRESOLVED	UNRESOLVED	No repeated BioSample among 718 runs; patient identity not recoverable	BLOCKED	NO
SRR24784714	SAMN35536788	UNRESOLVED	UNRESOLVED	No repeated BioSample among 718 runs; patient identity not recoverable	BLOCKED	NO
SRR24784713	SAMN35536789	UNRESOLVED	UNRESOLVED	No repeated BioSample among 718 runs; patient identity not recoverable	BLOCKED	NO
SRR24784709	SAMN35536792	UNRESOLVED	UNRESOLVED	No repeated BioSample among 718 runs; patient identity not recoverable	BLOCKED	NO
SRR24784708	SAMN35536793	UNRESOLVED	UNRESOLVED	No repeated BioSample among 718 runs; patient identity not recoverable	BLOCKED	NO
SRR24784707	SAMN35536794	UNRESOLVED	UNRESOLVED	No repeated BioSample among 718 runs; patient identity not recoverable	BLOCKED	NO
SRR24784706	SAMN35536795	UNRESOLVED	UNRESOLVED	No repeated BioSample among 718 runs; patient identity not recoverable	BLOCKED	NO
SRR24784705	SAMN35536796	UNRESOLVED	UNRESOLVED	No repeated BioSample among 718 runs; patient identity not recoverable	BLOCKED	NO
SRR24784704	SAMN35536797	UNRESOLVED	UNRESOLVED	No repeated BioSample among 718 runs; patient identity not recoverable	BLOCKED	NO
SRR24784703	SAMN35536798	UNRESOLVED	UNRESOLVED	No repeated BioSample among 718 runs; patient identity not recoverable	BLOCKED	NO
SRR24784702	SAMN35536799	UNRESOLVED	UNRESOLVED	No repeated BioSample among 718 runs; patient identity not recoverable	BLOCKED	NO
SRR24784698	SAMN35536802	UNRESOLVED	UNRESOLVED	No repeated BioSample among 718 runs; patient identity not recoverable	BLOCKED	NO
SRR24784701	SAMN35536800	UNRESOLVED	UNRESOLVED	No repeated BioSample among 718 runs; patient identity not recoverable	BLOCKED	NO
SRR24784699	SAMN35536801	UNRESOLVED	UNRESOLVED	No repeated BioSample among 718 runs; patient identity not recoverable	BLOCKED	NO
SRR24784697	SAMN35536803	UNRESOLVED	UNRESOLVED	No repeated BioSample among 718 runs; patient identity not recoverable	BLOCKED	NO
SRR24784695	SAMN35536805	UNRESOLVED	UNRESOLVED	No repeated BioSample among 718 runs; patient identity not recoverable	BLOCKED	NO
SRR24784696	SAMN35536804	UNRESOLVED	UNRESOLVED	No repeated BioSample among 718 runs; patient identity not recoverable	BLOCKED	NO
SRR24784694	SAMN35536806	UNRESOLVED	UNRESOLVED	No repeated BioSample among 718 runs; patient identity not recoverable	BLOCKED	NO
SRR24785303	SAMN35536807	UNRESOLVED	UNRESOLVED	No repeated BioSample among 718 runs; patient identity not recoverable	BLOCKED	NO
SRR24785302	SAMN35536808	UNRESOLVED	UNRESOLVED	No repeated BioSample among 718 runs; patient identity not recoverable	BLOCKED	NO
SRR24785301	SAMN35536809	UNRESOLVED	UNRESOLVED	No repeated BioSample among 718 runs; patient identity not recoverable	BLOCKED	NO
SRR24785300	SAMN35536810	UNRESOLVED	UNRESOLVED	No repeated BioSample among 718 runs; patient identity not recoverable	BLOCKED	NO
SRR24785298	SAMN35536811	UNRESOLVED	UNRESOLVED	No repeated BioSample among 718 runs; patient identity not recoverable	BLOCKED	NO
SRR24785297	SAMN35536812	UNRESOLVED	UNRESOLVED	No repeated BioSample among 718 runs; patient identity not recoverable	BLOCKED	NO
SRR24785296	SAMN35536813	UNRESOLVED	UNRESOLVED	No repeated BioSample among 718 runs; patient identity not recoverable	BLOCKED	NO
SRR24785295	SAMN35536814	UNRESOLVED	UNRESOLVED	No repeated BioSample among 718 runs; patient identity not recoverable	BLOCKED	NO
SRR24785294	SAMN35536815	UNRESOLVED	UNRESOLVED	No repeated BioSample among 718 runs; patient identity not recoverable	BLOCKED	NO
SRR24785293	SAMN35536816	UNRESOLVED	UNRESOLVED	No repeated BioSample among 718 runs; patient identity not recoverable	BLOCKED	NO
SRR24785292	SAMN35536817	UNRESOLVED	UNRESOLVED	No repeated BioSample among 718 runs; patient identity not recoverable	BLOCKED	NO
SRR24785291	SAMN35536818	UNRESOLVED	UNRESOLVED	No repeated BioSample among 718 runs; patient identity not recoverable	BLOCKED	NO
SRR24785290	SAMN35536819	UNRESOLVED	UNRESOLVED	No repeated BioSample among 718 runs; patient identity not recoverable	BLOCKED	NO
SRR24785289	SAMN35536820	UNRESOLVED	UNRESOLVED	No repeated BioSample among 718 runs; patient identity not recoverable	BLOCKED	NO
SRR24785287	SAMN35536821	UNRESOLVED	UNRESOLVED	No repeated BioSample among 718 runs; patient identity not recoverable	BLOCKED	NO
SRR24785286	SAMN35536822	UNRESOLVED	UNRESOLVED	No repeated BioSample among 718 runs; patient identity not recoverable	BLOCKED	NO
SRR24785285	SAMN35536823	UNRESOLVED	UNRESOLVED	No repeated BioSample among 718 runs; patient identity not recoverable	BLOCKED	NO
SRR24785284	SAMN35536824	UNRESOLVED	UNRESOLVED	No repeated BioSample among 718 runs; patient identity not recoverable	BLOCKED	NO
SRR24785283	SAMN35536825	UNRESOLVED	UNRESOLVED	No repeated BioSample among 718 runs; patient identity not recoverable	BLOCKED	NO
SRR24785282	SAMN35536826	UNRESOLVED	UNRESOLVED	No repeated BioSample among 718 runs; patient identity not recoverable	BLOCKED	NO
SRR24785281	SAMN35536827	UNRESOLVED	UNRESOLVED	No repeated BioSample among 718 runs; patient identity not recoverable	BLOCKED	NO
SRR24785278	SAMN35536830	UNRESOLVED	UNRESOLVED	No repeated BioSample among 718 runs; patient identity not recoverable	BLOCKED	NO
SRR24785280	SAMN35536828	UNRESOLVED	UNRESOLVED	No repeated BioSample among 718 runs; patient identity not recoverable	BLOCKED	NO
SRR24785279	SAMN35536829	UNRESOLVED	UNRESOLVED	No repeated BioSample among 718 runs; patient identity not recoverable	BLOCKED	NO
SRR24785274	SAMN35536833	UNRESOLVED	UNRESOLVED	No repeated BioSample among 718 runs; patient identity not recoverable	BLOCKED	NO
SRR24785276	SAMN35536831	UNRESOLVED	UNRESOLVED	No repeated BioSample among 718 runs; patient identity not recoverable	BLOCKED	NO
SRR24785273	SAMN35536834	UNRESOLVED	UNRESOLVED	No repeated BioSample among 718 runs; patient identity not recoverable	BLOCKED	NO
SRR24785275	SAMN35536832	UNRESOLVED	UNRESOLVED	No repeated BioSample among 718 runs; patient identity not recoverable	BLOCKED	NO
SRR24785272	SAMN35536835	UNRESOLVED	UNRESOLVED	No repeated BioSample among 718 runs; patient identity not recoverable	BLOCKED	NO
SRR24785271	SAMN35536836	UNRESOLVED	UNRESOLVED	No repeated BioSample among 718 runs; patient identity not recoverable	BLOCKED	NO
SRR24785270	SAMN35536837	UNRESOLVED	UNRESOLVED	No repeated BioSample among 718 runs; patient identity not recoverable	BLOCKED	NO
SRR24785269	SAMN35536838	UNRESOLVED	UNRESOLVED	No repeated BioSample among 718 runs; patient identity not recoverable	BLOCKED	NO
SRR24785268	SAMN35536839	UNRESOLVED	UNRESOLVED	No repeated BioSample among 718 runs; patient identity not recoverable	BLOCKED	NO
SRR24785267	SAMN35536840	UNRESOLVED	UNRESOLVED	No repeated BioSample among 718 runs; patient identity not recoverable	BLOCKED	NO
SRR24785265	SAMN35536841	UNRESOLVED	UNRESOLVED	No repeated BioSample among 718 runs; patient identity not recoverable	BLOCKED	NO
SRR24785264	SAMN35536842	UNRESOLVED	UNRESOLVED	No repeated BioSample among 718 runs; patient identity not recoverable	BLOCKED	NO
SRR24785263	SAMN35536843	UNRESOLVED	UNRESOLVED	No repeated BioSample among 718 runs; patient identity not recoverable	BLOCKED	NO
SRR24785262	SAMN35536844	UNRESOLVED	UNRESOLVED	No repeated BioSample among 718 runs; patient identity not recoverable	BLOCKED	NO
SRR24785256	SAMN35536850	UNRESOLVED	UNRESOLVED	No repeated BioSample among 718 runs; patient identity not recoverable	BLOCKED	NO
SRR24785253	SAMN35536851	UNRESOLVED	UNRESOLVED	No repeated BioSample among 718 runs; patient identity not recoverable	BLOCKED	NO
SRR24785261	SAMN35536845	UNRESOLVED	UNRESOLVED	No repeated BioSample among 718 runs; patient identity not recoverable	BLOCKED	NO
SRR24785260	SAMN35536846	UNRESOLVED	UNRESOLVED	No repeated BioSample among 718 runs; patient identity not recoverable	BLOCKED	NO
SRR24785259	SAMN35536847	UNRESOLVED	UNRESOLVED	No repeated BioSample among 718 runs; patient identity not recoverable	BLOCKED	NO
SRR24785258	SAMN35536848	UNRESOLVED	UNRESOLVED	No repeated BioSample among 718 runs; patient identity not recoverable	BLOCKED	NO
SRR24785257	SAMN35536849	UNRESOLVED	UNRESOLVED	No repeated BioSample among 718 runs; patient identity not recoverable	BLOCKED	NO
SRR24785252	SAMN35536852	UNRESOLVED	UNRESOLVED	No repeated BioSample among 718 runs; patient identity not recoverable	BLOCKED	NO
SRR24785251	SAMN35536853	UNRESOLVED	UNRESOLVED	No repeated BioSample among 718 runs; patient identity not recoverable	BLOCKED	NO
SRR24785250	SAMN35536854	UNRESOLVED	UNRESOLVED	No repeated BioSample among 718 runs; patient identity not recoverable	BLOCKED	NO
SRR24785249	SAMN35536855	UNRESOLVED	UNRESOLVED	No repeated BioSample among 718 runs; patient identity not recoverable	BLOCKED	NO
SRR24785248	SAMN35536856	UNRESOLVED	UNRESOLVED	No repeated BioSample among 718 runs; patient identity not recoverable	BLOCKED	NO
SRR24785247	SAMN35536857	UNRESOLVED	UNRESOLVED	No repeated BioSample among 718 runs; patient identity not recoverable	BLOCKED	NO
SRR24785246	SAMN35536858	UNRESOLVED	UNRESOLVED	No repeated BioSample among 718 runs; patient identity not recoverable	BLOCKED	NO
SRR24785242	SAMN35536861	UNRESOLVED	UNRESOLVED	No repeated BioSample among 718 runs; patient identity not recoverable	BLOCKED	NO
SRR24785245	SAMN35536859	UNRESOLVED	UNRESOLVED	No repeated BioSample among 718 runs; patient identity not recoverable	BLOCKED	NO
SRR24785244	SAMN35536860	UNRESOLVED	UNRESOLVED	No repeated BioSample among 718 runs; patient identity not recoverable	BLOCKED	NO
SRR24785241	SAMN35536862	UNRESOLVED	UNRESOLVED	No repeated BioSample among 718 runs; patient identity not recoverable	BLOCKED	NO
SRR24785240	SAMN35536863	UNRESOLVED	UNRESOLVED	No repeated BioSample among 718 runs; patient identity not recoverable	BLOCKED	NO
SRR24785239	SAMN35536864	UNRESOLVED	UNRESOLVED	No repeated BioSample among 718 runs; patient identity not recoverable	BLOCKED	NO
SRR24785238	SAMN35536865	UNRESOLVED	UNRESOLVED	No repeated BioSample among 718 runs; patient identity not recoverable	BLOCKED	NO
SRR24785237	SAMN35536866	UNRESOLVED	UNRESOLVED	No repeated BioSample among 718 runs; patient identity not recoverable	BLOCKED	NO
SRR24785236	SAMN35536867	UNRESOLVED	UNRESOLVED	No repeated BioSample among 718 runs; patient identity not recoverable	BLOCKED	NO
SRR24785235	SAMN35536868	UNRESOLVED	UNRESOLVED	No repeated BioSample among 718 runs; patient identity not recoverable	BLOCKED	NO
SRR24785234	SAMN35536869	UNRESOLVED	UNRESOLVED	No repeated BioSample among 718 runs; patient identity not recoverable	BLOCKED	NO
SRR24785233	SAMN35536870	UNRESOLVED	UNRESOLVED	No repeated BioSample among 718 runs; patient identity not recoverable	BLOCKED	NO
SRR24785087	SAMN35536871	UNRESOLVED	UNRESOLVED	No repeated BioSample among 718 runs; patient identity not recoverable	BLOCKED	NO
SRR24785086	SAMN35536872	UNRESOLVED	UNRESOLVED	No repeated BioSample among 718 runs; patient identity not recoverable	BLOCKED	NO
SRR24785085	SAMN35536873	UNRESOLVED	UNRESOLVED	No repeated BioSample among 718 runs; patient identity not recoverable	BLOCKED	NO
SRR24785084	SAMN35536874	UNRESOLVED	UNRESOLVED	No repeated BioSample among 718 runs; patient identity not recoverable	BLOCKED	NO
SRR24785083	SAMN35536875	UNRESOLVED	UNRESOLVED	No repeated BioSample among 718 runs; patient identity not recoverable	BLOCKED	NO
SRR24785082	SAMN35536876	UNRESOLVED	UNRESOLVED	No repeated BioSample among 718 runs; patient identity not recoverable	BLOCKED	NO
SRR24785081	SAMN35536877	UNRESOLVED	UNRESOLVED	No repeated BioSample among 718 runs; patient identity not recoverable	BLOCKED	NO
SRR24785080	SAMN35536878	UNRESOLVED	UNRESOLVED	No repeated BioSample among 718 runs; patient identity not recoverable	BLOCKED	NO
SRR24785079	SAMN35536879	UNRESOLVED	UNRESOLVED	No repeated BioSample among 718 runs; patient identity not recoverable	BLOCKED	NO
SRR24785078	SAMN35536880	UNRESOLVED	UNRESOLVED	No repeated BioSample among 718 runs; patient identity not recoverable	BLOCKED	NO
SRR24785076	SAMN35536881	UNRESOLVED	UNRESOLVED	No repeated BioSample among 718 runs; patient identity not recoverable	BLOCKED	NO
SRR24785075	SAMN35536882	UNRESOLVED	UNRESOLVED	No repeated BioSample among 718 runs; patient identity not recoverable	BLOCKED	NO
SRR24785074	SAMN35536883	UNRESOLVED	UNRESOLVED	No repeated BioSample among 718 runs; patient identity not recoverable	BLOCKED	NO
SRR24785073	SAMN35536884	UNRESOLVED	UNRESOLVED	No repeated BioSample among 718 runs; patient identity not recoverable	BLOCKED	NO
SRR24785072	SAMN35536885	UNRESOLVED	UNRESOLVED	No repeated BioSample among 718 runs; patient identity not recoverable	BLOCKED	NO
SRR24785071	SAMN35536886	UNRESOLVED	UNRESOLVED	No repeated BioSample among 718 runs; patient identity not recoverable	BLOCKED	NO
SRR24785070	SAMN35536887	UNRESOLVED	UNRESOLVED	No repeated BioSample among 718 runs; patient identity not recoverable	BLOCKED	NO
SRR24785069	SAMN35536888	UNRESOLVED	UNRESOLVED	No repeated BioSample among 718 runs; patient identity not recoverable	BLOCKED	NO
SRR24785068	SAMN35536889	UNRESOLVED	UNRESOLVED	No repeated BioSample among 718 runs; patient identity not recoverable	BLOCKED	NO
SRR24785067	SAMN35536890	UNRESOLVED	UNRESOLVED	No repeated BioSample among 718 runs; patient identity not recoverable	BLOCKED	NO
SRR24785065	SAMN35536891	UNRESOLVED	UNRESOLVED	No repeated BioSample among 718 runs; patient identity not recoverable	BLOCKED	NO
SRR24785064	SAMN35536892	UNRESOLVED	UNRESOLVED	No repeated BioSample among 718 runs; patient identity not recoverable	BLOCKED	NO
SRR24785063	SAMN35536893	UNRESOLVED	UNRESOLVED	No repeated BioSample among 718 runs; patient identity not recoverable	BLOCKED	NO
SRR24785062	SAMN35536894	UNRESOLVED	UNRESOLVED	No repeated BioSample among 718 runs; patient identity not recoverable	BLOCKED	NO
SRR24785061	SAMN35536895	UNRESOLVED	UNRESOLVED	No repeated BioSample among 718 runs; patient identity not recoverable	BLOCKED	NO
SRR24785060	SAMN35536896	UNRESOLVED	UNRESOLVED	No repeated BioSample among 718 runs; patient identity not recoverable	BLOCKED	NO
SRR24785059	SAMN35536897	UNRESOLVED	UNRESOLVED	No repeated BioSample among 718 runs; patient identity not recoverable	BLOCKED	NO
SRR24785058	SAMN35536898	UNRESOLVED	UNRESOLVED	No repeated BioSample among 718 runs; patient identity not recoverable	BLOCKED	NO
SRR24785057	SAMN35536899	UNRESOLVED	UNRESOLVED	No repeated BioSample among 718 runs; patient identity not recoverable	BLOCKED	NO
SRR24785054	SAMN35536901	UNRESOLVED	UNRESOLVED	No repeated BioSample among 718 runs; patient identity not recoverable	BLOCKED	NO
SRR24785056	SAMN35536900	UNRESOLVED	UNRESOLVED	No repeated BioSample among 718 runs; patient identity not recoverable	BLOCKED	NO
SRR24785338	SAMN35536905	UNRESOLVED	UNRESOLVED	No repeated BioSample among 718 runs; patient identity not recoverable	BLOCKED	NO
SRR24785053	SAMN35536902	UNRESOLVED	UNRESOLVED	No repeated BioSample among 718 runs; patient identity not recoverable	BLOCKED	NO
SRR24785052	SAMN35536903	UNRESOLVED	UNRESOLVED	No repeated BioSample among 718 runs; patient identity not recoverable	BLOCKED	NO
SRR24785339	SAMN35536904	UNRESOLVED	UNRESOLVED	No repeated BioSample among 718 runs; patient identity not recoverable	BLOCKED	NO
SRR24785335	SAMN35536908	UNRESOLVED	UNRESOLVED	No repeated BioSample among 718 runs; patient identity not recoverable	BLOCKED	NO
SRR24785334	SAMN35536909	UNRESOLVED	UNRESOLVED	No repeated BioSample among 718 runs; patient identity not recoverable	BLOCKED	NO
SRR24785337	SAMN35536906	UNRESOLVED	UNRESOLVED	No repeated BioSample among 718 runs; patient identity not recoverable	BLOCKED	NO
SRR24785333	SAMN35536910	UNRESOLVED	UNRESOLVED	No repeated BioSample among 718 runs; patient identity not recoverable	BLOCKED	NO
SRR24785336	SAMN35536907	UNRESOLVED	UNRESOLVED	No repeated BioSample among 718 runs; patient identity not recoverable	BLOCKED	NO
SRR24785331	SAMN35536911	UNRESOLVED	UNRESOLVED	No repeated BioSample among 718 runs; patient identity not recoverable	BLOCKED	NO
SRR24785330	SAMN35536912	UNRESOLVED	UNRESOLVED	No repeated BioSample among 718 runs; patient identity not recoverable	BLOCKED	NO
SRR24785329	SAMN35536913	UNRESOLVED	UNRESOLVED	No repeated BioSample among 718 runs; patient identity not recoverable	BLOCKED	NO
SRR24785328	SAMN35536914	UNRESOLVED	UNRESOLVED	No repeated BioSample among 718 runs; patient identity not recoverable	BLOCKED	NO
SRR24785327	SAMN35536915	UNRESOLVED	UNRESOLVED	No repeated BioSample among 718 runs; patient identity not recoverable	BLOCKED	NO
SRR24785326	SAMN35536916	UNRESOLVED	UNRESOLVED	No repeated BioSample among 718 runs; patient identity not recoverable	BLOCKED	NO
SRR24785325	SAMN35536917	UNRESOLVED	UNRESOLVED	No repeated BioSample among 718 runs; patient identity not recoverable	BLOCKED	NO
SRR24785324	SAMN35536918	UNRESOLVED	UNRESOLVED	No repeated BioSample among 718 runs; patient identity not recoverable	BLOCKED	NO
SRR24785323	SAMN35536919	UNRESOLVED	UNRESOLVED	No repeated BioSample among 718 runs; patient identity not recoverable	BLOCKED	NO
SRR24785322	SAMN35536920	UNRESOLVED	UNRESOLVED	No repeated BioSample among 718 runs; patient identity not recoverable	BLOCKED	NO
SRR24785320	SAMN35536921	UNRESOLVED	UNRESOLVED	No repeated BioSample among 718 runs; patient identity not recoverable	BLOCKED	NO
SRR24785319	SAMN35536922	UNRESOLVED	UNRESOLVED	No repeated BioSample among 718 runs; patient identity not recoverable	BLOCKED	NO
SRR24785318	SAMN35536923	UNRESOLVED	UNRESOLVED	No repeated BioSample among 718 runs; patient identity not recoverable	BLOCKED	NO
SRR24785317	SAMN35536924	UNRESOLVED	UNRESOLVED	No repeated BioSample among 718 runs; patient identity not recoverable	BLOCKED	NO
SRR24785316	SAMN35536925	UNRESOLVED	UNRESOLVED	No repeated BioSample among 718 runs; patient identity not recoverable	BLOCKED	NO
SRR24785315	SAMN35536926	UNRESOLVED	UNRESOLVED	No repeated BioSample among 718 runs; patient identity not recoverable	BLOCKED	NO
SRR24785314	SAMN35536927	UNRESOLVED	UNRESOLVED	No repeated BioSample among 718 runs; patient identity not recoverable	BLOCKED	NO
SRR24785313	SAMN35536928	UNRESOLVED	UNRESOLVED	No repeated BioSample among 718 runs; patient identity not recoverable	BLOCKED	NO
SRR24785312	SAMN35536929	UNRESOLVED	UNRESOLVED	No repeated BioSample among 718 runs; patient identity not recoverable	BLOCKED	NO
SRR24785311	SAMN35536930	UNRESOLVED	UNRESOLVED	No repeated BioSample among 718 runs; patient identity not recoverable	BLOCKED	NO
SRR24785309	SAMN35536931	UNRESOLVED	UNRESOLVED	No repeated BioSample among 718 runs; patient identity not recoverable	BLOCKED	NO
SRR24785308	SAMN35536932	UNRESOLVED	UNRESOLVED	No repeated BioSample among 718 runs; patient identity not recoverable	BLOCKED	NO
SRR24785307	SAMN35536933	UNRESOLVED	UNRESOLVED	No repeated BioSample among 718 runs; patient identity not recoverable	BLOCKED	NO
SRR24785306	SAMN35536934	UNRESOLVED	UNRESOLVED	No repeated BioSample among 718 runs; patient identity not recoverable	BLOCKED	NO
SRR24785305	SAMN35536935	UNRESOLVED	UNRESOLVED	No repeated BioSample among 718 runs; patient identity not recoverable	BLOCKED	NO
SRR24784795	SAMN35536937	UNRESOLVED	UNRESOLVED	No repeated BioSample among 718 runs; patient identity not recoverable	BLOCKED	NO
SRR24785304	SAMN35536936	UNRESOLVED	UNRESOLVED	No repeated BioSample among 718 runs; patient identity not recoverable	BLOCKED	NO
SRR24784794	SAMN35536938	UNRESOLVED	UNRESOLVED	No repeated BioSample among 718 runs; patient identity not recoverable	BLOCKED	NO
SRR24784790	SAMN35536941	UNRESOLVED	UNRESOLVED	No repeated BioSample among 718 runs; patient identity not recoverable	BLOCKED	NO
SRR24784789	SAMN35536942	UNRESOLVED	UNRESOLVED	No repeated BioSample among 718 runs; patient identity not recoverable	BLOCKED	NO
SRR24784793	SAMN35536939	UNRESOLVED	UNRESOLVED	No repeated BioSample among 718 runs; patient identity not recoverable	BLOCKED	NO
SRR24784792	SAMN35536940	UNRESOLVED	UNRESOLVED	No repeated BioSample among 718 runs; patient identity not recoverable	BLOCKED	NO
SRR24784783	SAMN35536948	UNRESOLVED	UNRESOLVED	No repeated BioSample among 718 runs; patient identity not recoverable	BLOCKED	NO
SRR24784788	SAMN35536943	UNRESOLVED	UNRESOLVED	No repeated BioSample among 718 runs; patient identity not recoverable	BLOCKED	NO
SRR24784787	SAMN35536944	UNRESOLVED	UNRESOLVED	No repeated BioSample among 718 runs; patient identity not recoverable	BLOCKED	NO
SRR24784786	SAMN35536945	UNRESOLVED	UNRESOLVED	No repeated BioSample among 718 runs; patient identity not recoverable	BLOCKED	NO
SRR24784785	SAMN35536946	UNRESOLVED	UNRESOLVED	No repeated BioSample among 718 runs; patient identity not recoverable	BLOCKED	NO
SRR24784784	SAMN35536947	UNRESOLVED	UNRESOLVED	No repeated BioSample among 718 runs; patient identity not recoverable	BLOCKED	NO
SRR24784782	SAMN35536949	UNRESOLVED	UNRESOLVED	No repeated BioSample among 718 runs; patient identity not recoverable	BLOCKED	NO
SRR24784775	SAMN35536954	UNRESOLVED	UNRESOLVED	No repeated BioSample among 718 runs; patient identity not recoverable	BLOCKED	NO
SRR24784781	SAMN35536950	UNRESOLVED	UNRESOLVED	No repeated BioSample among 718 runs; patient identity not recoverable	BLOCKED	NO
SRR24784778	SAMN35536951	UNRESOLVED	UNRESOLVED	No repeated BioSample among 718 runs; patient identity not recoverable	BLOCKED	NO
SRR24784777	SAMN35536952	UNRESOLVED	UNRESOLVED	No repeated BioSample among 718 runs; patient identity not recoverable	BLOCKED	NO
SRR24784776	SAMN35536953	UNRESOLVED	UNRESOLVED	No repeated BioSample among 718 runs; patient identity not recoverable	BLOCKED	NO
SRR24784771	SAMN35536958	UNRESOLVED	UNRESOLVED	No repeated BioSample among 718 runs; patient identity not recoverable	BLOCKED	NO
SRR24784774	SAMN35536955	UNRESOLVED	UNRESOLVED	No repeated BioSample among 718 runs; patient identity not recoverable	BLOCKED	NO
SRR24784773	SAMN35536956	UNRESOLVED	UNRESOLVED	No repeated BioSample among 718 runs; patient identity not recoverable	BLOCKED	NO
SRR24784772	SAMN35536957	UNRESOLVED	UNRESOLVED	No repeated BioSample among 718 runs; patient identity not recoverable	BLOCKED	NO
SRR24784770	SAMN35536959	UNRESOLVED	UNRESOLVED	No repeated BioSample among 718 runs; patient identity not recoverable	BLOCKED	NO
SRR24784769	SAMN35536960	UNRESOLVED	UNRESOLVED	No repeated BioSample among 718 runs; patient identity not recoverable	BLOCKED	NO
SRR24784767	SAMN35536961	UNRESOLVED	UNRESOLVED	No repeated BioSample among 718 runs; patient identity not recoverable	BLOCKED	NO
SRR24784869	SAMN35536274	UNRESOLVED	UNRESOLVED	No repeated BioSample among 718 runs; patient identity not recoverable	BLOCKED	NO
SRR24785066	SAMN35536315	UNRESOLVED	UNRESOLVED	No repeated BioSample among 718 runs; patient identity not recoverable	BLOCKED	NO
SRR24785012	SAMN35536351	UNRESOLVED	UNRESOLVED	No repeated BioSample among 718 runs; patient identity not recoverable	BLOCKED	NO
SRR24785155	SAMN35536281	UNRESOLVED	UNRESOLVED	No repeated BioSample among 718 runs; patient identity not recoverable	BLOCKED	NO
SRR24784963	SAMN35536396	UNRESOLVED	UNRESOLVED	No repeated BioSample among 718 runs; patient identity not recoverable	BLOCKED	NO
SRR24784966	SAMN35536393	UNRESOLVED	UNRESOLVED	No repeated BioSample among 718 runs; patient identity not recoverable	BLOCKED	NO
SRR24784965	SAMN35536394	UNRESOLVED	UNRESOLVED	No repeated BioSample among 718 runs; patient identity not recoverable	BLOCKED	NO
SRR24784964	SAMN35536395	UNRESOLVED	UNRESOLVED	No repeated BioSample among 718 runs; patient identity not recoverable	BLOCKED	NO
SRR24785133	SAMN35536283	UNRESOLVED	UNRESOLVED	No repeated BioSample among 718 runs; patient identity not recoverable	BLOCKED	NO
SRR24785144	SAMN35536282	UNRESOLVED	UNRESOLVED	No repeated BioSample among 718 runs; patient identity not recoverable	BLOCKED	NO
SRR24784731	SAMN35536349	UNRESOLVED	UNRESOLVED	No repeated BioSample among 718 runs; patient identity not recoverable	BLOCKED	NO
SRR24784729	SAMN35536350	UNRESOLVED	UNRESOLVED	No repeated BioSample among 718 runs; patient identity not recoverable	BLOCKED	NO
SRR24785321	SAMN35536318	UNRESOLVED	UNRESOLVED	No repeated BioSample among 718 runs; patient identity not recoverable	BLOCKED	NO
SRR24785055	SAMN35536316	UNRESOLVED	UNRESOLVED	No repeated BioSample among 718 runs; patient identity not recoverable	BLOCKED	NO
SRR24785310	SAMN35536319	UNRESOLVED	UNRESOLVED	No repeated BioSample among 718 runs; patient identity not recoverable	BLOCKED	NO
SRR24785332	SAMN35536317	UNRESOLVED	UNRESOLVED	No repeated BioSample among 718 runs; patient identity not recoverable	BLOCKED	NO
SRR24785013	SAMN35536261	UNRESOLVED	UNRESOLVED	No repeated BioSample among 718 runs; patient identity not recoverable	BLOCKED	NO
SRR24785002	SAMN35536262	UNRESOLVED	UNRESOLVED	No repeated BioSample among 718 runs; patient identity not recoverable	BLOCKED	NO
SRR24784969	SAMN35536265	UNRESOLVED	UNRESOLVED	No repeated BioSample among 718 runs; patient identity not recoverable	BLOCKED	NO
SRR24784991	SAMN35536263	UNRESOLVED	UNRESOLVED	No repeated BioSample among 718 runs; patient identity not recoverable	BLOCKED	NO
SRR24784740	SAMN35536260	UNRESOLVED	UNRESOLVED	No repeated BioSample among 718 runs; patient identity not recoverable	BLOCKED	NO
SRR24784958	SAMN35536266	UNRESOLVED	UNRESOLVED	No repeated BioSample among 718 runs; patient identity not recoverable	BLOCKED	NO
SRR24784980	SAMN35536264	UNRESOLVED	UNRESOLVED	No repeated BioSample among 718 runs; patient identity not recoverable	BLOCKED	NO
SRR24784751	SAMN35536259	UNRESOLVED	UNRESOLVED	No repeated BioSample among 718 runs; patient identity not recoverable	BLOCKED	NO
SRR24785030	SAMN35536302	UNRESOLVED	UNRESOLVED	No repeated BioSample among 718 runs; patient identity not recoverable	BLOCKED	NO
SRR24784742	SAMN35536339	UNRESOLVED	UNRESOLVED	No repeated BioSample among 718 runs; patient identity not recoverable	BLOCKED	NO
SRR24784741	SAMN35536340	UNRESOLVED	UNRESOLVED	No repeated BioSample among 718 runs; patient identity not recoverable	BLOCKED	NO
SRR24784749	SAMN35536332	UNRESOLVED	UNRESOLVED	No repeated BioSample among 718 runs; patient identity not recoverable	BLOCKED	NO
SRR24784947	SAMN35536267	UNRESOLVED	UNRESOLVED	No repeated BioSample among 718 runs; patient identity not recoverable	BLOCKED	NO
SRR24784678	SAMN35536295	UNRESOLVED	UNRESOLVED	No repeated BioSample among 718 runs; patient identity not recoverable	BLOCKED	NO
SRR24784994	SAMN35536368	UNRESOLVED	UNRESOLVED	No repeated BioSample among 718 runs; patient identity not recoverable	BLOCKED	NO
SRR24785019	SAMN35536303	UNRESOLVED	UNRESOLVED	No repeated BioSample among 718 runs; patient identity not recoverable	BLOCKED	NO
SRR24784995	SAMN35536367	UNRESOLVED	UNRESOLVED	No repeated BioSample among 718 runs; patient identity not recoverable	BLOCKED	NO
SRR24784987	SAMN35536374	UNRESOLVED	UNRESOLVED	No repeated BioSample among 718 runs; patient identity not recoverable	BLOCKED	NO
SRR24785299	SAMN35536307	UNRESOLVED	UNRESOLVED	No repeated BioSample among 718 runs; patient identity not recoverable	BLOCKED	NO
SRR24784700	SAMN35536306	UNRESOLVED	UNRESOLVED	No repeated BioSample among 718 runs; patient identity not recoverable	BLOCKED	NO
SRR24784722	SAMN35536304	UNRESOLVED	UNRESOLVED	No repeated BioSample among 718 runs; patient identity not recoverable	BLOCKED	NO
SRR24784711	SAMN35536305	UNRESOLVED	UNRESOLVED	No repeated BioSample among 718 runs; patient identity not recoverable	BLOCKED	NO
SRR24784746	SAMN35536335	UNRESOLVED	UNRESOLVED	No repeated BioSample among 718 runs; patient identity not recoverable	BLOCKED	NO
SRR24785000	SAMN35536362	UNRESOLVED	UNRESOLVED	No repeated BioSample among 718 runs; patient identity not recoverable	BLOCKED	NO
SRR24784744	SAMN35536337	UNRESOLVED	UNRESOLVED	No repeated BioSample among 718 runs; patient identity not recoverable	BLOCKED	NO
SRR24785001	SAMN35536361	UNRESOLVED	UNRESOLVED	No repeated BioSample among 718 runs; patient identity not recoverable	BLOCKED	NO
SRR24784953	SAMN35536405	UNRESOLVED	UNRESOLVED	No repeated BioSample among 718 runs; patient identity not recoverable	BLOCKED	NO
SRR24785243	SAMN35536312	UNRESOLVED	UNRESOLVED	No repeated BioSample among 718 runs; patient identity not recoverable	BLOCKED	NO
SRR24784974	SAMN35536386	UNRESOLVED	UNRESOLVED	No repeated BioSample among 718 runs; patient identity not recoverable	BLOCKED	NO
SRR24784981	SAMN35536380	UNRESOLVED	UNRESOLVED	No repeated BioSample among 718 runs; patient identity not recoverable	BLOCKED	NO
SRR24785232	SAMN35536313	UNRESOLVED	UNRESOLVED	No repeated BioSample among 718 runs; patient identity not recoverable	BLOCKED	NO
SRR24785277	SAMN35536309	UNRESOLVED	UNRESOLVED	No repeated BioSample among 718 runs; patient identity not recoverable	BLOCKED	NO
SRR24784735	SAMN35536345	UNRESOLVED	UNRESOLVED	No repeated BioSample among 718 runs; patient identity not recoverable	BLOCKED	NO
SRR24784750	SAMN35536331	UNRESOLVED	UNRESOLVED	No repeated BioSample among 718 runs; patient identity not recoverable	BLOCKED	NO
SRR24784985	SAMN35536376	UNRESOLVED	UNRESOLVED	No repeated BioSample among 718 runs; patient identity not recoverable	BLOCKED	NO
SRR24785008	SAMN35536355	UNRESOLVED	UNRESOLVED	No repeated BioSample among 718 runs; patient identity not recoverable	BLOCKED	NO
SRR24784757	SAMN35536325	UNRESOLVED	UNRESOLVED	No repeated BioSample among 718 runs; patient identity not recoverable	BLOCKED	NO
SRR24784754	SAMN35536328	UNRESOLVED	UNRESOLVED	No repeated BioSample among 718 runs; patient identity not recoverable	BLOCKED	NO
SRR24784930	SAMN35536288	UNRESOLVED	UNRESOLVED	No repeated BioSample among 718 runs; patient identity not recoverable	BLOCKED	NO
SRR24784667	SAMN35536296	UNRESOLVED	UNRESOLVED	No repeated BioSample among 718 runs; patient identity not recoverable	BLOCKED	NO
SRR24784745	SAMN35536336	UNRESOLVED	UNRESOLVED	No repeated BioSample among 718 runs; patient identity not recoverable	BLOCKED	NO
SRR24784903	SAMN35536253	UNRESOLVED	UNRESOLVED	No repeated BioSample among 718 runs; patient identity not recoverable	BLOCKED	NO
SRR24784752	SAMN35536330	UNRESOLVED	UNRESOLVED	No repeated BioSample among 718 runs; patient identity not recoverable	BLOCKED	NO
SRR24784743	SAMN35536338	UNRESOLVED	UNRESOLVED	No repeated BioSample among 718 runs; patient identity not recoverable	BLOCKED	NO
SRR24784990	SAMN35536371	UNRESOLVED	UNRESOLVED	No repeated BioSample among 718 runs; patient identity not recoverable	BLOCKED	NO
SRR24784973	SAMN35536387	UNRESOLVED	UNRESOLVED	No repeated BioSample among 718 runs; patient identity not recoverable	BLOCKED	NO
SRR24784780	SAMN35536258	UNRESOLVED	UNRESOLVED	No repeated BioSample among 718 runs; patient identity not recoverable	BLOCKED	NO
SRR24784961	SAMN35536398	UNRESOLVED	UNRESOLVED	No repeated BioSample among 718 runs; patient identity not recoverable	BLOCKED	NO
SRR24784779	SAMN35536321	UNRESOLVED	UNRESOLVED	No repeated BioSample among 718 runs; patient identity not recoverable	BLOCKED	NO
SRR24784902	SAMN35536271	UNRESOLVED	UNRESOLVED	No repeated BioSample among 718 runs; patient identity not recoverable	BLOCKED	NO
SRR24784825	SAMN35536255	UNRESOLVED	UNRESOLVED	No repeated BioSample among 718 runs; patient identity not recoverable	BLOCKED	NO
SRR24785122	SAMN35536284	UNRESOLVED	UNRESOLVED	No repeated BioSample among 718 runs; patient identity not recoverable	BLOCKED	NO
SRR24785288	SAMN35536308	UNRESOLVED	UNRESOLVED	No repeated BioSample among 718 runs; patient identity not recoverable	BLOCKED	NO
SRR24785003	SAMN35536360	UNRESOLVED	UNRESOLVED	No repeated BioSample among 718 runs; patient identity not recoverable	BLOCKED	NO
SRR24784768	SAMN35536322	UNRESOLVED	UNRESOLVED	No repeated BioSample among 718 runs; patient identity not recoverable	BLOCKED	NO
SRR24784759	SAMN35536323	UNRESOLVED	UNRESOLVED	No repeated BioSample among 718 runs; patient identity not recoverable	BLOCKED	NO
SRR24785006	SAMN35536357	UNRESOLVED	UNRESOLVED	No repeated BioSample among 718 runs; patient identity not recoverable	BLOCKED	NO
SRR24784971	SAMN35536389	UNRESOLVED	UNRESOLVED	No repeated BioSample among 718 runs; patient identity not recoverable	BLOCKED	NO
SRR24784802	SAMN35536293	UNRESOLVED	UNRESOLVED	No repeated BioSample among 718 runs; patient identity not recoverable	BLOCKED	NO
SRR24785041	SAMN35536301	UNRESOLVED	UNRESOLVED	No repeated BioSample among 718 runs; patient identity not recoverable	BLOCKED	NO
SRR24784747	SAMN35536334	UNRESOLVED	UNRESOLVED	No repeated BioSample among 718 runs; patient identity not recoverable	BLOCKED	NO
SRR24784959	SAMN35536400	UNRESOLVED	UNRESOLVED	No repeated BioSample among 718 runs; patient identity not recoverable	BLOCKED	NO
SRR24784960	SAMN35536399	UNRESOLVED	UNRESOLVED	No repeated BioSample among 718 runs; patient identity not recoverable	BLOCKED	NO
SRR24785219	SAMN35536298	UNRESOLVED	UNRESOLVED	No repeated BioSample among 718 runs; patient identity not recoverable	BLOCKED	NO
SRR24785197	SAMN35536300	UNRESOLVED	UNRESOLVED	No repeated BioSample among 718 runs; patient identity not recoverable	BLOCKED	NO
SRR24785007	SAMN35536356	UNRESOLVED	UNRESOLVED	No repeated BioSample among 718 runs; patient identity not recoverable	BLOCKED	NO
SRR24784972	SAMN35536388	UNRESOLVED	UNRESOLVED	No repeated BioSample among 718 runs; patient identity not recoverable	BLOCKED	NO
SRR24784689	SAMN35536294	UNRESOLVED	UNRESOLVED	No repeated BioSample among 718 runs; patient identity not recoverable	BLOCKED	NO
SRR24785208	SAMN35536299	UNRESOLVED	UNRESOLVED	No repeated BioSample among 718 runs; patient identity not recoverable	BLOCKED	NO
SRR24784748	SAMN35536333	UNRESOLVED	UNRESOLVED	No repeated BioSample among 718 runs; patient identity not recoverable	BLOCKED	NO
SRR24784986	SAMN35536375	UNRESOLVED	UNRESOLVED	No repeated BioSample among 718 runs; patient identity not recoverable	BLOCKED	NO
SRR24785156	SAMN35536254	UNRESOLVED	UNRESOLVED	No repeated BioSample among 718 runs; patient identity not recoverable	BLOCKED	NO
SRR24785230	SAMN35536297	UNRESOLVED	UNRESOLVED	No repeated BioSample among 718 runs; patient identity not recoverable	BLOCKED	NO
SRR24785015	SAMN35536251	UNRESOLVED	UNRESOLVED	No repeated BioSample among 718 runs; patient identity not recoverable	BLOCKED	NO
SRR24784736	SAMN35536344	UNRESOLVED	UNRESOLVED	No repeated BioSample among 718 runs; patient identity not recoverable	BLOCKED	NO
SRR24784753	SAMN35536329	UNRESOLVED	UNRESOLVED	No repeated BioSample among 718 runs; patient identity not recoverable	BLOCKED	NO
SRR24784654	SAMN35536268	UNRESOLVED	UNRESOLVED	No repeated BioSample among 718 runs; patient identity not recoverable	BLOCKED	NO
SRR24784824	SAMN35536291	UNRESOLVED	UNRESOLVED	No repeated BioSample among 718 runs; patient identity not recoverable	BLOCKED	NO
SRR24784908	SAMN35536290	UNRESOLVED	UNRESOLVED	No repeated BioSample among 718 runs; patient identity not recoverable	BLOCKED	NO
SRR24784813	SAMN35536292	UNRESOLVED	UNRESOLVED	No repeated BioSample among 718 runs; patient identity not recoverable	BLOCKED	NO
SRR24784919	SAMN35536289	UNRESOLVED	UNRESOLVED	No repeated BioSample among 718 runs; patient identity not recoverable	BLOCKED	NO
SRR24784739	SAMN35536341	UNRESOLVED	UNRESOLVED	No repeated BioSample among 718 runs; patient identity not recoverable	BLOCKED	NO
SRR24784984	SAMN35536377	UNRESOLVED	UNRESOLVED	No repeated BioSample among 718 runs; patient identity not recoverable	BLOCKED	NO
SRR24784983	SAMN35536378	UNRESOLVED	UNRESOLVED	No repeated BioSample among 718 runs; patient identity not recoverable	BLOCKED	NO
SRR24784993	SAMN35536369	UNRESOLVED	UNRESOLVED	No repeated BioSample among 718 runs; patient identity not recoverable	BLOCKED	NO
SRR24784982	SAMN35536379	UNRESOLVED	UNRESOLVED	No repeated BioSample among 718 runs; patient identity not recoverable	BLOCKED	NO
SRR24784957	SAMN35536401	UNRESOLVED	UNRESOLVED	No repeated BioSample among 718 runs; patient identity not recoverable	BLOCKED	NO
SRR24784880	SAMN35536273	UNRESOLVED	UNRESOLVED	No repeated BioSample among 718 runs; patient identity not recoverable	BLOCKED	NO
SRR24784992	SAMN35536370	UNRESOLVED	UNRESOLVED	No repeated BioSample among 718 runs; patient identity not recoverable	BLOCKED	NO
SRR24784756	SAMN35536326	UNRESOLVED	UNRESOLVED	No repeated BioSample among 718 runs; patient identity not recoverable	BLOCKED	NO
SRR24784755	SAMN35536327	UNRESOLVED	UNRESOLVED	No repeated BioSample among 718 runs; patient identity not recoverable	BLOCKED	NO
SRR24784858	SAMN35536275	UNRESOLVED	UNRESOLVED	No repeated BioSample among 718 runs; patient identity not recoverable	BLOCKED	NO
SRR24784997	SAMN35536365	UNRESOLVED	UNRESOLVED	No repeated BioSample among 718 runs; patient identity not recoverable	BLOCKED	NO
SRR24785255	SAMN35536257	UNRESOLVED	UNRESOLVED	No repeated BioSample among 718 runs; patient identity not recoverable	BLOCKED	NO
SRR24784733	SAMN35536347	UNRESOLVED	UNRESOLVED	No repeated BioSample among 718 runs; patient identity not recoverable	BLOCKED	NO
SRR24784996	SAMN35536366	UNRESOLVED	UNRESOLVED	No repeated BioSample among 718 runs; patient identity not recoverable	BLOCKED	NO
SRR24785042	SAMN35536256	UNRESOLVED	UNRESOLVED	No repeated BioSample among 718 runs; patient identity not recoverable	BLOCKED	NO
SRR24784732	SAMN35536348	UNRESOLVED	UNRESOLVED	No repeated BioSample among 718 runs; patient identity not recoverable	BLOCKED	NO
SRR24785350	SAMN35536270	UNRESOLVED	UNRESOLVED	No repeated BioSample among 718 runs; patient identity not recoverable	BLOCKED	NO
SRR24784998	SAMN35536364	UNRESOLVED	UNRESOLVED	No repeated BioSample among 718 runs; patient identity not recoverable	BLOCKED	NO
SRR24785361	SAMN35536269	UNRESOLVED	UNRESOLVED	No repeated BioSample among 718 runs; patient identity not recoverable	BLOCKED	NO
SRR24784999	SAMN35536363	UNRESOLVED	UNRESOLVED	No repeated BioSample among 718 runs; patient identity not recoverable	BLOCKED	NO
SRR24785010	SAMN35536353	UNRESOLVED	UNRESOLVED	No repeated BioSample among 718 runs; patient identity not recoverable	BLOCKED	NO
SRR24785189	SAMN35536278	UNRESOLVED	UNRESOLVED	No repeated BioSample among 718 runs; patient identity not recoverable	BLOCKED	NO
SRR24784737	SAMN35536343	UNRESOLVED	UNRESOLVED	No repeated BioSample among 718 runs; patient identity not recoverable	BLOCKED	NO
SRR24784738	SAMN35536342	UNRESOLVED	UNRESOLVED	No repeated BioSample among 718 runs; patient identity not recoverable	BLOCKED	NO
SRR24784979	SAMN35536381	UNRESOLVED	UNRESOLVED	No repeated BioSample among 718 runs; patient identity not recoverable	BLOCKED	NO
SRR24785011	SAMN35536352	UNRESOLVED	UNRESOLVED	No repeated BioSample among 718 runs; patient identity not recoverable	BLOCKED	NO
SRR24785167	SAMN35536280	UNRESOLVED	UNRESOLVED	No repeated BioSample among 718 runs; patient identity not recoverable	BLOCKED	NO
SRR24785009	SAMN35536354	UNRESOLVED	UNRESOLVED	No repeated BioSample among 718 runs; patient identity not recoverable	BLOCKED	NO
SRR24785178	SAMN35536279	UNRESOLVED	UNRESOLVED	No repeated BioSample among 718 runs; patient identity not recoverable	BLOCKED	NO
SRR24785100	SAMN35536286	UNRESOLVED	UNRESOLVED	No repeated BioSample among 718 runs; patient identity not recoverable	BLOCKED	NO
SRR24784954	SAMN35536404	UNRESOLVED	UNRESOLVED	No repeated BioSample among 718 runs; patient identity not recoverable	BLOCKED	NO
SRR24785005	SAMN35536358	UNRESOLVED	UNRESOLVED	No repeated BioSample among 718 runs; patient identity not recoverable	BLOCKED	NO
SRR24784758	SAMN35536324	UNRESOLVED	UNRESOLVED	No repeated BioSample among 718 runs; patient identity not recoverable	BLOCKED	NO
SRR24785004	SAMN35536359	UNRESOLVED	UNRESOLVED	No repeated BioSample among 718 runs; patient identity not recoverable	BLOCKED	NO
SRR24785111	SAMN35536285	UNRESOLVED	UNRESOLVED	No repeated BioSample among 718 runs; patient identity not recoverable	BLOCKED	NO
SRR24784970	SAMN35536390	UNRESOLVED	UNRESOLVED	No repeated BioSample among 718 runs; patient identity not recoverable	BLOCKED	NO
SRR24784968	SAMN35536391	UNRESOLVED	UNRESOLVED	No repeated BioSample among 718 runs; patient identity not recoverable	BLOCKED	NO
SRR24784967	SAMN35536392	UNRESOLVED	UNRESOLVED	No repeated BioSample among 718 runs; patient identity not recoverable	BLOCKED	NO
SRR24784847	SAMN35536276	UNRESOLVED	UNRESOLVED	No repeated BioSample among 718 runs; patient identity not recoverable	BLOCKED	NO
SRR24784975	SAMN35536385	UNRESOLVED	UNRESOLVED	No repeated BioSample among 718 runs; patient identity not recoverable	BLOCKED	NO
SRR24784836	SAMN35536277	UNRESOLVED	UNRESOLVED	No repeated BioSample among 718 runs; patient identity not recoverable	BLOCKED	NO
SRR24784976	SAMN35536384	UNRESOLVED	UNRESOLVED	No repeated BioSample among 718 runs; patient identity not recoverable	BLOCKED	NO
SRR24784734	SAMN35536346	UNRESOLVED	UNRESOLVED	No repeated BioSample among 718 runs; patient identity not recoverable	BLOCKED	NO
SRR24784791	SAMN35536320	UNRESOLVED	UNRESOLVED	No repeated BioSample among 718 runs; patient identity not recoverable	BLOCKED	NO
SRR24784962	SAMN35536397	UNRESOLVED	UNRESOLVED	No repeated BioSample among 718 runs; patient identity not recoverable	BLOCKED	NO
SRR24784989	SAMN35536372	UNRESOLVED	UNRESOLVED	No repeated BioSample among 718 runs; patient identity not recoverable	BLOCKED	NO
SRR24784988	SAMN35536373	UNRESOLVED	UNRESOLVED	No repeated BioSample among 718 runs; patient identity not recoverable	BLOCKED	NO
SRR24784956	SAMN35536402	UNRESOLVED	UNRESOLVED	No repeated BioSample among 718 runs; patient identity not recoverable	BLOCKED	NO
SRR24784955	SAMN35536403	UNRESOLVED	UNRESOLVED	No repeated BioSample among 718 runs; patient identity not recoverable	BLOCKED	NO
SRR24784977	SAMN35536383	UNRESOLVED	UNRESOLVED	No repeated BioSample among 718 runs; patient identity not recoverable	BLOCKED	NO
SRR24785077	SAMN35536314	UNRESOLVED	UNRESOLVED	No repeated BioSample among 718 runs; patient identity not recoverable	BLOCKED	NO
SRR24784766	SAMN35536962	UNRESOLVED	UNRESOLVED	No repeated BioSample among 718 runs; patient identity not recoverable	BLOCKED	NO
SRR24784765	SAMN35536963	UNRESOLVED	UNRESOLVED	No repeated BioSample among 718 runs; patient identity not recoverable	BLOCKED	NO
SRR24784764	SAMN35536964	UNRESOLVED	UNRESOLVED	No repeated BioSample among 718 runs; patient identity not recoverable	BLOCKED	NO
SRR24784763	SAMN35536965	UNRESOLVED	UNRESOLVED	No repeated BioSample among 718 runs; patient identity not recoverable	BLOCKED	NO
SRR24784762	SAMN35536966	UNRESOLVED	UNRESOLVED	No repeated BioSample among 718 runs; patient identity not recoverable	BLOCKED	NO
SRR24784761	SAMN35536967	UNRESOLVED	UNRESOLVED	No repeated BioSample among 718 runs; patient identity not recoverable	BLOCKED	NO
SRR24784760	SAMN35536968	UNRESOLVED	UNRESOLVED	No repeated BioSample among 718 runs; patient identity not recoverable	BLOCKED	NO
